game_id,season,week,game_date,A_team,B_team,A_win,A_Off_pass,A_Off_run,A_Off_passblock,A_Def_pass,A_Def_run,A_Def_passrush,B_Off_pass,B_Off_run,B_Off_passblock,B_Def_pass,B_Def_run,B_Def_passrush,A_history_games,A_history_start,A_history_end,B_history_games,B_history_start,B_history_end
2023_05_CHI_WAS,2023,5,2023-10-05,WAS,CHI,0,0.4482758621,0.487804878,0.7528735632,0.568627451,0.5,0.2207792208,0.4220779221,0.4886363636,0.7548387097,0.5285714286,0.5660377358,0.1428571429,4,2023-09-10,2023-10-01,4,2023-09-10,2023-10-01
2023_05_BAL_PIT,2023,5,2023-10-08,PIT,BAL,1,0.3862068966,0.4625,0.6620689655,0.5153374233,0.5391304348,0.2926829268,0.5328467153,0.452991453,0.8467153285,0.5989304813,0.5393258427,0.192513369,4,2023-09-10,2023-10-01,4,2023-09-10,2023-10-01
2023_05_CAR_DET,2023,5,2023-10-08,DET,CAR,1,0.5182481752,0.4841269841,0.7591240876,0.5454545455,0.5571428571,0.2655367232,0.3956043956,0.393258427,0.7759562842,0.5491803279,0.4579439252,0.243902439,4,2023-09-07,2023-09-28,4,2023-09-10,2023-10-01
2023_05_CIN_ARI,2023,5,2023-10-08,ARI,CIN,0,0.4740740741,0.4455445545,0.8161764706,0.4635761589,0.4299065421,0.1589403974,0.3950617284,0.4626865672,0.7962962963,0.5068493151,0.5185185185,0.1917808219,4,2023-09-10,2023-10-01,4,2023-09-10,2023-10-01
2023_05_DAL_SF,2023,5,2023-10-08,SF,DAL,1,0.5785123967,0.5163934426,0.7438016529,0.5492227979,0.4912280702,0.2525773196,0.5167785235,0.512,0.86,0.6417910448,0.5365853659,0.2444444444,4,2023-09-10,2023-10-01,4,2023-09-10,2023-10-01
2023_05_HOU_ATL,2023,5,2023-10-08,ATL,HOU,1,0.3873239437,0.4711538462,0.7464788732,0.5467625899,0.5643564356,0.273381295,0.4939759036,0.4134615385,0.7168674699,0.5384615385,0.4791666667,0.2237762238,4,2023-09-10,2023-10-01,4,2023-09-10,2023-10-01
2023_05_JAX_BUF,2023,5,2023-10-08,BUF,JAX,0,0.5460526316,0.5490196078,0.8355263158,0.5496183206,0.5,0.303030303,0.496969697,0.4536082474,0.7696969697,0.534591195,0.5952380952,0.251572327,4,2023-09-11,2023-10-01,4,2023-09-10,2023-10-01
2023_05_KC_MIN,2023,5,2023-10-08,MIN,KC,0,0.449704142,0.5211267606,0.7159763314,0.5189873418,0.5044247788,0.1455696203,0.5180722892,0.4787234043,0.7289156627,0.6,0.4939759036,0.2967741935,4,2023-09-10,2023-10-01,4,2023-09-07,2023-10-01
2023_05_NO_NE,2023,5,2023-10-08,NE,NO,0,0.4319526627,0.4660194175,0.7705882353,0.5337837838,0.618556701,0.255033557,0.43125,0.4946236559,0.80625,0.5928143713,0.5316455696,0.2,4,2023-09-10,2023-10-01,4,2023-09-10,2023-10-01
2023_05_NYG_MIA,2023,5,2023-10-08,MIA,NYG,1,0.5782312925,0.5288461538,0.8648648649,0.4774193548,0.3823529412,0.2451612903,0.3920454545,0.4210526316,0.7062146893,0.552,0.5086206897,0.208,4,2023-09-10,2023-10-01,4,2023-09-10,2023-10-02
2023_05_NYJ_DEN,2023,5,2023-10-08,DEN,NYJ,0,0.462585034,0.4805194805,0.7432432432,0.4265734266,0.4824561404,0.1398601399,0.3571428571,0.4246575342,0.6357142857,0.512987013,0.512,0.2467532468,4,2023-09-10,2023-10-01,4,2023-09-11,2023-10-01
2023_05_PHI_LA,2023,5,2023-10-08,LA,PHI,0,0.478021978,0.5436893204,0.8186813187,0.5481481481,0.5326086957,0.2116788321,0.431372549,0.5905511811,0.7450980392,0.5464480874,0.6029411765,0.2864864865,4,2023-09-10,2023-10-01,4,2023-09-10,2023-10-01
2023_05_TEN_IND,2023,5,2023-10-08,IND,TEN,1,0.4409937888,0.4,0.7852760736,0.4795321637,0.5365853659,0.216374269,0.3846153846,0.4897959184,0.7615384615,0.487012987,0.5555555556,0.2064516129,4,2023-09-10,2023-10-01,4,2023-09-10,2023-10-01
2023_05_GB_LV,2023,5,2023-10-09,LV,GB,1,0.5033557047,0.4805194805,0.8666666667,0.5,0.5225225225,0.1617647059,0.4149659864,0.4556962025,0.7852348993,0.5225806452,0.5080645161,0.2371794872,4,2023-09-10,2023-10-01,4,2023-09-10,2023-09-28
2023_06_DEN_KC,2023,6,2023-10-12,KC,DEN,1,0.5214723926,0.4591836735,0.6748466258,0.6213017751,0.5142857143,0.325443787,0.4437086093,0.4583333333,0.7105263158,0.4421768707,0.4710743802,0.1632653061,4,2023-09-17,2023-10-08,4,2023-09-17,2023-10-08
2023_06_ARI_LA,2023,6,2023-10-15,LA,ARI,1,0.4619565217,0.6153846154,0.7880434783,0.5167785235,0.5545454545,0.1523178808,0.4598540146,0.4693877551,0.768115942,0.4233128834,0.4444444444,0.1411042945,4,2023-09-17,2023-10-08,4,2023-09-17,2023-10-08
2023_06_BAL_TEN,2023,6,2023-10-15,TEN,BAL,0,0.4523809524,0.4848484848,0.7777777778,0.4861111111,0.5102040816,0.1724137931,0.5033112583,0.4732142857,0.8741721854,0.6023391813,0.5425531915,0.1453488372,4,2023-09-17,2023-10-08,4,2023-09-17,2023-10-08
2023_06_CAR_MIA,2023,6,2023-10-15,MIA,CAR,1,0.5909090909,0.5555555556,0.8421052632,0.4936708861,0.5384615385,0.3037974684,0.4426229508,0.4197530864,0.8043478261,0.4923076923,0.4036697248,0.2519083969,4,2023-09-17,2023-10-08,4,2023-09-18,2023-10-08
2023_06_DET_TB,2023,6,2023-10-15,TB,DET,0,0.4685314685,0.4270833333,0.8551724138,0.5903614458,0.476744186,0.2228915663,0.5303030303,0.5,0.7121212121,0.5402298851,0.5333333333,0.2742857143,4,2023-09-10,2023-10-01,4,2023-09-17,2023-10-08
2023_06_IND_JAX,2023,6,2023-10-15,JAX,IND,1,0.5028248588,0.4285714286,0.7288135593,0.512987013,0.5068493151,0.2516129032,0.4436619718,0.4869565217,0.8263888889,0.4941860465,0.5272727273,0.2209302326,4,2023-09-17,2023-10-08,4,2023-09-17,2023-10-08
2023_06_MIN_CHI,2023,6,2023-10-15,CHI,MIN,0,0.3956834532,0.5257731959,0.6762589928,0.5,0.5487804878,0.1871345029,0.4385964912,0.5479452055,0.7192982456,0.5061728395,0.5046728972,0.2037037037,4,2023-09-17,2023-10-05,4,2023-09-14,2023-10-08
2023_06_NE_LV,2023,6,2023-10-15,LV,NE,1,0.4903225806,0.5061728395,0.8461538462,0.5223880597,0.4955752212,0.171641791,0.3680555556,0.4356435644,0.8541666667,0.5071428571,0.5855855856,0.1914893617,4,2023-09-17,2023-10-09,4,2023-09-17,2023-10-08
2023_06_NO_HOU,2023,6,2023-10-15,HOU,NO,1,0.5100671141,0.4166666667,0.7248322148,0.4966887417,0.4803921569,0.2105263158,0.4276315789,0.4857142857,0.8289473684,0.6,0.5897435897,0.1901840491,4,2023-09-17,2023-10-08,4,2023-09-18,2023-10-08
2023_06_NYG_BUF,2023,6,2023-10-15,BUF,NYG,1,0.5655172414,0.5684210526,0.8356164384,0.4934210526,0.5454545455,0.2810457516,0.4342857143,0.3625,0.6931818182,0.5038167939,0.476635514,0.213740458,4,2023-09-17,2023-10-08,4,2023-09-17,2023-10-08
2023_06_PHI_NYJ,2023,6,2023-10-15,NYJ,PHI,1,0.387755102,0.4285714286,0.6870748299,0.524137931,0.5203252033,0.2551724138,0.4810126582,0.6142857143,0.8291139241,0.5542168675,0.6129032258,0.2335329341,4,2023-09-17,2023-10-08,4,2023-09-14,2023-10-08
2023_06_SEA_CIN,2023,6,2023-10-15,CIN,SEA,1,0.4804469274,0.4868421053,0.8379888268,0.5205479452,0.5053763441,0.2191780822,0.5142857143,0.5333333333,0.6879432624,0.5238095238,0.6470588235,0.2328042328,4,2023-09-17,2023-10-08,4,2023-09-10,2023-10-02
2023_06_SF_CLE,2023,6,2023-10-15,CLE,SF,1,0.4146341463,0.4416666667,0.7682926829,0.7213114754,0.65,0.3032786885,0.6194690265,0.5789473684,0.8761061947,0.5465116279,0.5,0.1907514451,4,2023-09-10,2023-10-01,4,2023-09-17,2023-10-08
2023_06_WAS_ATL,2023,6,2023-10-15,ATL,WAS,0,0.465408805,0.4642857143,0.75625,0.5,0.5744680851,0.2424242424,0.4717948718,0.4838709677,0.7295918367,0.568627451,0.4509803922,0.2922077922,4,2023-09-17,2023-10-08,4,2023-09-17,2023-10-05
2023_06_DAL_LAC,2023,6,2023-10-16,LAC,DAL,0,0.5151515152,0.4897959184,0.8313253012,0.5227272727,0.4020618557,0.2045454545,0.512987013,0.4955752212,0.8387096774,0.5431034483,0.4653465347,0.1623931624,4,2023-09-10,2023-10-01,4,2023-09-17,2023-10-08
2023_07_JAX_NO,2023,7,2023-10-19,NO,JAX,0,0.4390243902,0.46,0.8353658537,0.6158940397,0.5333333333,0.1503267974,0.5214723926,0.4433962264,0.7791411043,0.5443786982,0.5138888889,0.1882352941,4,2023-09-24,2023-10-15,4,2023-09-24,2023-10-15
2023_07_ARI_SEA,2023,7,2023-10-22,SEA,ARI,1,0.5220125786,0.4842105263,0.66875,0.5185185185,0.6184210526,0.2486772487,0.4304635762,0.4583333333,0.7631578947,0.4236111111,0.4247787611,0.125,4,2023-09-17,2023-10-15,4,2023-09-24,2023-10-15
2023_07_ATL_TB,2023,7,2023-10-22,TB,ATL,0,0.4551724138,0.421686747,0.8367346939,0.5688622754,0.4888888889,0.1856287425,0.4593023256,0.4,0.774566474,0.5373134328,0.6063829787,0.2985074627,4,2023-09-17,2023-10-15,4,2023-09-24,2023-10-15
2023_07_BUF_NE,2023,7,2023-10-22,NE,BUF,1,0.3507462687,0.4583333333,0.8358208955,0.5390070922,0.6071428571,0.1971830986,0.5289855072,0.5617977528,0.8129496403,0.4970414201,0.5652173913,0.3058823529,4,2023-09-24,2023-10-15,4,2023-09-24,2023-10-15
2023_07_CLE_IND,2023,7,2023-10-22,IND,CLE,0,0.4071856287,0.4678899083,0.8461538462,0.5032258065,0.4770642202,0.1548387097,0.4036144578,0.4695652174,0.7469879518,0.6949152542,0.6235294118,0.2796610169,4,2023-09-24,2023-10-15,4,2023-09-18,2023-10-15
2023_07_DET_BAL,2023,7,2023-10-22,BAL,DET,1,0.4662162162,0.4695652174,0.8445945946,0.6202531646,0.5833333333,0.1886792453,0.5034965035,0.4869565217,0.7552447552,0.6,0.5373134328,0.2514619883,4,2023-09-24,2023-10-15,4,2023-09-24,2023-10-15
2023_07_GB_DEN,2023,7,2023-10-22,DEN,GB,1,0.4172661871,0.4583333333,0.7194244604,0.4256756757,0.4876033058,0.1756756757,0.4238410596,0.5416666667,0.7908496732,0.514084507,0.4921875,0.2394366197,4,2023-09-24,2023-10-12,4,2023-09-17,2023-10-09
2023_07_LAC_KC,2023,7,2023-10-22,KC,LAC,1,0.5487804878,0.4563106796,0.7073170732,0.6375838926,0.4666666667,0.3154362416,0.4880952381,0.325,0.8284023669,0.5535714286,0.4455445545,0.2321428571,4,2023-09-24,2023-10-12,4,2023-09-17,2023-10-16
2023_07_LV_CHI,2023,7,2023-10-22,CHI,LV,1,0.4148148148,0.5438596491,0.6740740741,0.5090909091,0.5733333333,0.1927710843,0.472392638,0.4895833333,0.8475609756,0.5681818182,0.5,0.1893939394,4,2023-09-24,2023-10-15,4,2023-09-24,2023-10-15
2023_07_MIA_PHI,2023,7,2023-10-22,PHI,MIA,1,0.4915254237,0.5565217391,0.7796610169,0.575,0.6285714286,0.2592592593,0.5606060606,0.5818181818,0.8496240602,0.5194805195,0.5053763441,0.3376623377,4,2023-09-25,2023-10-15,4,2023-09-24,2023-10-15
2023_07_PIT_LA,2023,7,2023-10-22,LA,PIT,0,0.4569536424,0.5747126437,0.7880794702,0.550295858,0.5648148148,0.1695906433,0.3846153846,0.4631578947,0.786259542,0.5402298851,0.537037037,0.2057142857,4,2023-09-25,2023-10-15,4,2023-09-18,2023-10-08
2023_07_WAS_NYG,2023,7,2023-10-22,NYG,WAS,1,0.4360465116,0.3103448276,0.6705202312,0.5190839695,0.4245283019,0.2061068702,0.4413407821,0.45,0.6888888889,0.5582822086,0.5137614679,0.245398773,4,2023-09-21,2023-10-15,4,2023-09-24,2023-10-15
2023_07_SF_MIN,2023,7,2023-10-23,MIN,SF,1,0.417721519,0.5176470588,0.7278481013,0.4969325153,0.5789473684,0.2392638037,0.547008547,0.578125,0.8717948718,0.5933333333,0.55,0.2317880795,4,2023-09-24,2023-10-15,4,2023-09-21,2023-10-15
2023_08_TB_BUF,2023,8,2023-10-26,BUF,TB,1,0.5503355705,0.5925925926,0.7466666667,0.4539877301,0.568627451,0.256097561,0.4575163399,0.3424657534,0.8258064516,0.5283018868,0.5135135135,0.1509433962,4,2023-10-01,2023-10-22,4,2023-09-25,2023-10-22
2023_08_ATL_TEN,2023,8,2023-10-29,TEN,ATL,1,0.4330708661,0.4074074074,0.7401574803,0.496350365,0.4770642202,0.1824817518,0.512987013,0.4188034188,0.8064516129,0.5410958904,0.6470588235,0.2534246575,4,2023-09-24,2023-10-15,4,2023-10-01,2023-10-22
2023_08_BAL_ARI,2023,8,2023-10-29,ARI,BAL,0,0.3952095808,0.4130434783,0.7724550898,0.3779527559,0.4954954955,0.1102362205,0.475177305,0.4903846154,0.865248227,0.6107784431,0.56,0.1834319527,4,2023-10-01,2023-10-22,4,2023-10-01,2023-10-22
2023_08_CHI_LAC,2023,8,2023-10-29,LAC,CHI,1,0.45,0.3493975904,0.8,0.5217391304,0.5238095238,0.2065217391,0.4820143885,0.5476190476,0.7338129496,0.5470588235,0.5964912281,0.1686046512,4,2023-09-24,2023-10-22,4,2023-10-01,2023-10-22
2023_08_CIN_SF,2023,8,2023-10-29,SF,CIN,0,0.6181818182,0.5765765766,0.8363636364,0.5443037975,0.5444444444,0.246835443,0.4971428571,0.4666666667,0.8285714286,0.5519480519,0.5348837209,0.3116883117,4,2023-10-01,2023-10-23,4,2023-09-25,2023-10-15
2023_08_CLE_SEA,2023,8,2023-10-29,SEA,CLE,1,0.5034965035,0.4653465347,0.7083333333,0.5811518325,0.6438356164,0.2303664921,0.3846153846,0.4649122807,0.7371794872,0.6379310345,0.6057692308,0.2586206897,4,2023-09-24,2023-10-22,4,2023-09-24,2023-10-22
2023_08_HOU_CAR,2023,8,2023-10-29,CAR,HOU,1,0.4438502674,0.4831460674,0.8181818182,0.479338843,0.4311926606,0.2295081967,0.4724409449,0.4955752212,0.8031496063,0.5029585799,0.4716981132,0.1882352941,4,2023-09-24,2023-10-15,4,2023-09-24,2023-10-15
2023_08_JAX_PIT,2023,8,2023-10-29,PIT,JAX,0,0.4206349206,0.5148514851,0.8031496063,0.5477707006,0.5283018868,0.1886792453,0.522875817,0.41,0.8104575163,0.5685279188,0.5066666667,0.1809045226,4,2023-09-24,2023-10-22,4,2023-10-01,2023-10-19
2023_08_KC_DEN,2023,8,2023-10-29,DEN,KC,1,0.4351145038,0.5131578947,0.7786259542,0.474025974,0.5,0.1883116883,0.5476190476,0.4431818182,0.7261904762,0.6282051282,0.5064935065,0.2948717949,4,2023-10-01,2023-10-22,4,2023-10-01,2023-10-22
2023_08_LA_DAL,2023,8,2023-10-29,DAL,LA,1,0.4868421053,0.4736842105,0.8039215686,0.5555555556,0.476635514,0.1496062992,0.4475524476,0.5333333333,0.8055555556,0.5306122449,0.5267857143,0.2013422819,4,2023-09-24,2023-10-16,4,2023-10-01,2023-10-22
2023_08_MIN_GB,2023,8,2023-10-29,GB,MIN,0,0.4240506329,0.5375,0.79375,0.5037037037,0.5132743363,0.237037037,0.4489795918,0.4634146341,0.7551020408,0.4965517241,0.5346534653,0.275862069,4,2023-09-24,2023-10-22,4,2023-10-01,2023-10-23
2023_08_NE_MIA,2023,8,2023-10-29,MIA,NE,1,0.4928571429,0.55,0.829787234,0.5033112583,0.4803921569,0.2715231788,0.4087591241,0.4683544304,0.8613138686,0.4662162162,0.5855855856,0.1812080537,4,2023-10-01,2023-10-22,4,2023-10-01,2023-10-22
2023_08_NO_IND,2023,8,2023-10-29,IND,NO,0,0.4391891892,0.4594594595,0.8266666667,0.5584415584,0.4907407407,0.2012987013,0.427027027,0.4811320755,0.8655913978,0.6058394161,0.5333333333,0.0869565217,4,2023-10-01,2023-10-22,4,2023-10-01,2023-10-19
2023_08_NYJ_NYG,2023,8,2023-10-29,NYG,NYJ,0,0.4476744186,0.3495145631,0.6627906977,0.5744680851,0.4431818182,0.2553191489,0.3766233766,0.4268292683,0.6709677419,0.5548387097,0.5145631068,0.3225806452,4,2023-10-02,2023-10-22,4,2023-09-24,2023-10-15
2023_08_PHI_WAS,2023,8,2023-10-29,WAS,PHI,0,0.4074074074,0.4090909091,0.7105263158,0.5670731707,0.5046728972,0.2804878049,0.4913294798,0.5,0.7861271676,0.5773809524,0.6060606061,0.2426035503,4,2023-10-01,2023-10-22,4,2023-10-01,2023-10-22
2023_08_LV_DET,2023,8,2023-10-30,DET,LV,1,0.4790419162,0.5196078431,0.8095238095,0.5350318471,0.4637681159,0.1962025316,0.4625,0.4456521739,0.8757763975,0.5407407407,0.4660194175,0.1555555556,4,2023-09-28,2023-10-22,4,2023-10-01,2023-10-22
2023_09_TEN_PIT,2023,9,2023-11-02,PIT,TEN,1,0.4413793103,0.5,0.7945205479,0.5486111111,0.547008547,0.2,0.4573643411,0.5,0.7364341085,0.5454545455,0.4554455446,0.1958041958,4,2023-10-01,2023-10-29,4,2023-10-01,2023-10-29
2023_09_ARI_CLE,2023,9,2023-11-05,CLE,ARI,1,0.3525641026,0.479338843,0.7115384615,0.5564516129,0.5714285714,0.2258064516,0.4037267081,0.4356435644,0.7654320988,0.4890510949,0.4862385321,0.1605839416,4,2023-10-01,2023-10-29,4,2023-10-08,2023-10-29
2023_09_BUF_CIN,2023,9,2023-11-05,CIN,BUF,1,0.5705521472,0.5128205128,0.8220858896,0.4967320261,0.5384615385,0.2875816993,0.5212121212,0.6,0.7831325301,0.4647058824,0.6161616162,0.2411764706,4,2023-10-01,2023-10-29,4,2023-10-08,2023-10-26
2023_09_CHI_NO,2023,9,2023-11-05,NO,CHI,1,0.4855491329,0.512195122,0.8735632184,0.661971831,0.5113636364,0.161971831,0.4598540146,0.5378151261,0.7173913043,0.5277777778,0.6615384615,0.1813186813,4,2023-10-08,2023-10-29,4,2023-10-05,2023-10-29
2023_09_DAL_PHI,2023,9,2023-11-05,PHI,DAL,1,0.5176470588,0.4509803922,0.8235294118,0.5465116279,0.5614035088,0.2023121387,0.527027027,0.3928571429,0.8255033557,0.5724637681,0.4803921569,0.1357142857,4,2023-10-08,2023-10-29,4,2023-10-01,2023-10-29
2023_09_IND_CAR,2023,9,2023-11-05,CAR,IND,0,0.4545454545,0.4845360825,0.7878787879,0.5,0.4587155963,0.1801801802,0.4074074074,0.476635514,0.8086419753,0.5390070922,0.4907407407,0.170212766,4,2023-10-01,2023-10-29,4,2023-10-08,2023-10-29
2023_09_LA_GB,2023,9,2023-11-05,GB,LA,1,0.4113924051,0.56,0.8301886792,0.4926470588,0.5378151261,0.2058823529,0.4179104478,0.5106382979,0.8248175182,0.4936708861,0.5288461538,0.1518987342,4,2023-09-28,2023-10-29,4,2023-10-08,2023-10-29
2023_09_MIA_KC,2023,9,2023-11-05,KC,MIA,1,0.5254237288,0.4027777778,0.7853107345,0.6319444444,0.4742268041,0.2569444444,0.5,0.5357142857,0.8716216216,0.5714285714,0.5154639175,0.2727272727,4,2023-10-08,2023-10-29,4,2023-10-08,2023-10-29
2023_09_MIN_ATL,2023,9,2023-11-05,ATL,MIN,0,0.4968944099,0.4237288136,0.7962962963,0.5985915493,0.5434782609,0.2746478873,0.4606060606,0.4022988506,0.7696969697,0.5161290323,0.4823529412,0.2580645161,4,2023-10-08,2023-10-29,4,2023-10-08,2023-10-29
2023_09_NYG_LV,2023,9,2023-11-05,LV,NYG,1,0.4295774648,0.476744186,0.8321678322,0.4929577465,0.4310344828,0.176056338,0.4068965517,0.3492063492,0.675862069,0.5909090909,0.4705882353,0.2792207792,4,2023-10-09,2023-10-30,4,2023-10-08,2023-10-29
2023_09_SEA_BAL,2023,9,2023-11-05,BAL,SEA,1,0.4557823129,0.5490196078,0.843537415,0.5575757576,0.5301204819,0.1785714286,0.5034965035,0.4318181818,0.7342657343,0.5903614458,0.5670103093,0.2771084337,4,2023-10-08,2023-10-29,4,2023-10-02,2023-10-29
2023_09_TB_HOU,2023,9,2023-11-05,HOU,TB,1,0.4471544715,0.4957264957,0.814516129,0.506097561,0.5242718447,0.2121212121,0.4450867052,0.3521126761,0.816091954,0.5243902439,0.5263157895,0.1341463415,4,2023-10-01,2023-10-29,4,2023-10-01,2023-10-26
2023_09_WAS_NE,2023,9,2023-11-05,NE,WAS,0,0.4148148148,0.5131578947,0.8148148148,0.5063291139,0.5660377358,0.1708860759,0.4352331606,0.4561403509,0.7474226804,0.5403726708,0.5533980583,0.2422360248,4,2023-10-08,2023-10-29,4,2023-10-05,2023-10-29
2023_09_LAC_NYJ,2023,9,2023-11-06,NYJ,LAC,0,0.3885350318,0.4125,0.664556962,0.6040268456,0.5818181818,0.3489932886,0.417218543,0.3510638298,0.7880794702,0.5119047619,0.5662650602,0.1834319527,4,2023-10-01,2023-10-29,4,2023-10-01,2023-10-29
2023_10_CAR_CHI,2023,10,2023-11-09,CHI,CAR,1,0.4964539007,0.4956521739,0.7957746479,0.5384615385,0.6428571429,0.1146496815,0.4367816092,0.5494505495,0.7931034483,0.5128205128,0.4910714286,0.1525423729,4,2023-10-15,2023-11-05,4,2023-10-08,2023-11-05
2023_10_ATL_ARI,2023,10,2023-11-12,ARI,ATL,1,0.3924050633,0.4,0.7672955975,0.5630252101,0.512605042,0.1680672269,0.4417177914,0.4090909091,0.8220858896,0.5909090909,0.585106383,0.2451612903,4,2023-10-15,2023-11-05,4,2023-10-15,2023-11-05
2023_10_CLE_BAL,2023,10,2023-11-12,BAL,CLE,0,0.4820143885,0.5739130435,0.8776978417,0.5802469136,0.5555555556,0.1951219512,0.3493150685,0.4525547445,0.7260273973,0.6,0.6086956522,0.2538461538,4,2023-10-15,2023-11-05,4,2023-10-15,2023-11-05
2023_10_DET_LAC,2023,10,2023-11-12,LAC,DET,0,0.4076433121,0.369047619,0.7515923567,0.5555555556,0.6329113924,0.1933701657,0.4942528736,0.5098039216,0.7885714286,0.5486111111,0.3918918919,0.2152777778,4,2023-10-16,2023-11-06,4,2023-10-08,2023-10-30
2023_10_GB_PIT,2023,10,2023-11-12,PIT,GB,1,0.4825174825,0.4725274725,0.8125,0.6050955414,0.5192307692,0.2278481013,0.4489795918,0.5816326531,0.8503401361,0.5401459854,0.5742574257,0.197080292,4,2023-10-08,2023-11-02,4,2023-10-09,2023-11-05
2023_10_HOU_CIN,2023,10,2023-11-12,CIN,HOU,0,0.5747126437,0.4814814815,0.8620689655,0.4879518072,0.5,0.245508982,0.4485294118,0.4693877551,0.7898550725,0.5060240964,0.5833333333,0.2335329341,4,2023-10-08,2023-11-05,4,2023-10-08,2023-11-05
2023_10_IND_NE,2023,10,2023-11-12,NE,IND,0,0.4594594595,0.5540540541,0.8513513514,0.5027932961,0.5473684211,0.1955307263,0.4012345679,0.4257425743,0.7901234568,0.5751633987,0.4774774775,0.1699346405,4,2023-10-15,2023-11-05,4,2023-10-15,2023-11-05
2023_10_NO_MIN,2023,10,2023-11-12,MIN,NO,1,0.4785276074,0.3510638298,0.8048780488,0.538961039,0.5168539326,0.1883116883,0.4860335196,0.5178571429,0.8833333333,0.5890410959,0.5051546392,0.1643835616,4,2023-10-15,2023-11-05,4,2023-10-15,2023-11-05
2023_10_NYG_DAL,2023,10,2023-11-12,DAL,NYG,1,0.487654321,0.3783783784,0.7962962963,0.5147058824,0.462962963,0.1739130435,0.3958333333,0.3801652893,0.7379310345,0.6081081081,0.5306122449,0.2567567568,4,2023-10-08,2023-11-05,4,2023-10-15,2023-11-05
2023_10_NYJ_LV,2023,10,2023-11-12,LV,NYJ,1,0.4393939394,0.4574468085,0.8571428571,0.5,0.4513274336,0.1920529801,0.3641618497,0.4047619048,0.7183908046,0.6490066225,0.6262626263,0.3377483444,4,2023-10-15,2023-11-05,4,2023-10-08,2023-11-06
2023_10_SF_JAX,2023,10,2023-11-12,JAX,SF,0,0.5032679739,0.4423076923,0.8235294118,0.5428571429,0.5588235294,0.1839622642,0.5669291339,0.5656565657,0.8188976378,0.5100671141,0.5161290323,0.2483221477,4,2023-10-08,2023-10-29,4,2023-10-08,2023-10-29
2023_10_TEN_TB,2023,10,2023-11-12,TB,TEN,1,0.4047619048,0.3333333333,0.755952381,0.4666666667,0.5684210526,0.186746988,0.3943661972,0.5384615385,0.7112676056,0.5434782609,0.4695652174,0.1594202899,4,2023-10-15,2023-11-05,4,2023-10-08,2023-11-02
2023_10_WAS_SEA,2023,10,2023-11-12,SEA,WAS,1,0.4829931973,0.3924050633,0.7755102041,0.5657894737,0.495412844,0.1710526316,0.4293478261,0.4736842105,0.7663043478,0.5344827586,0.5909090909,0.1436781609,4,2023-10-15,2023-11-05,4,2023-10-15,2023-11-05
2023_10_DEN_BUF,2023,10,2023-11-13,BUF,DEN,0,0.5389221557,0.6125,0.8154761905,0.4733727811,0.6024096386,0.1952662722,0.4153846154,0.5263157895,0.7461538462,0.5031847134,0.5111111111,0.178343949,4,2023-10-15,2023-11-05,4,2023-10-08,2023-10-29
2023_11_CIN_BAL,2023,11,2023-11-16,BAL,CIN,1,0.4772727273,0.5825242718,0.8636363636,0.5786516854,0.5,0.1888888889,0.5117647059,0.5,0.8117647059,0.4476744186,0.4578313253,0.2369942197,4,2023-10-22,2023-11-12,4,2023-10-15,2023-11-12
2023_11_ARI_HOU,2023,11,2023-11-19,HOU,ARI,1,0.4647887324,0.5092592593,0.7708333333,0.5804597701,0.5747126437,0.2528735632,0.4121621622,0.4347826087,0.8,0.5833333333,0.5503875969,0.1983471074,4,2023-10-15,2023-11-12,4,2023-10-22,2023-11-12
2023_11_CHI_DET,2023,11,2023-11-19,DET,CHI,1,0.4915254237,0.4660194175,0.8314606742,0.5281690141,0.4556962025,0.2112676056,0.5205479452,0.4869565217,0.843537415,0.5688622754,0.6842105263,0.1369047619,4,2023-10-15,2023-11-12,4,2023-10-22,2023-11-09
2023_11_DAL_CAR,2023,11,2023-11-19,CAR,DAL,0,0.3771428571,0.487804878,0.7828571429,0.5241935484,0.5128205128,0.104,0.5449438202,0.4069767442,0.8314606742,0.5986394558,0.5529411765,0.2080536913,4,2023-10-15,2023-11-09,4,2023-10-16,2023-11-12
2023_11_LAC_GB,2023,11,2023-11-19,GB,LAC,1,0.4451612903,0.5463917526,0.8580645161,0.546875,0.5596330275,0.1953125,0.4580645161,0.376344086,0.7548387097,0.5371428571,0.5930232558,0.1647727273,4,2023-10-22,2023-11-12,4,2023-10-22,2023-11-12
2023_11_LV_MIA,2023,11,2023-11-19,MIA,LV,1,0.4451612903,0.4939759036,0.8516129032,0.5655172414,0.4505494505,0.2344827586,0.4031007752,0.5257731959,0.8307692308,0.5157232704,0.5267857143,0.18125,4,2023-10-15,2023-11-05,4,2023-10-22,2023-11-12
2023_11_MIN_DEN,2023,11,2023-11-19,DEN,MIN,1,0.4173228346,0.5,0.7322834646,0.5165562914,0.4418604651,0.1710526316,0.5087719298,0.34,0.8081395349,0.5680473373,0.5070422535,0.1597633136,4,2023-10-12,2023-11-13,4,2023-10-23,2023-11-12
2023_11_NYG_WAS,2023,11,2023-11-19,WAS,NYG,0,0.4356435644,0.4788732394,0.7623762376,0.5321637427,0.5581395349,0.1520467836,0.3165467626,0.4036697248,0.7428571429,0.549382716,0.5742574257,0.2283950617,4,2023-10-22,2023-11-12,4,2023-10-22,2023-11-12
2023_11_NYJ_BUF,2023,11,2023-11-19,BUF,NYJ,1,0.5308641975,0.641025641,0.8231707317,0.5,0.5882352941,0.2012195122,0.3548387097,0.3333333333,0.7379679144,0.6737588652,0.5739130435,0.3333333333,4,2023-10-22,2023-11-13,4,2023-10-15,2023-11-12
2023_11_PIT_CLE,2023,11,2023-11-19,CLE,PIT,1,0.3741935484,0.4586466165,0.7419354839,0.5615384615,0.5842696629,0.2538461538,0.4962406015,0.504950495,0.7894736842,0.6038961039,0.5192307692,0.2193548387,4,2023-10-22,2023-11-12,4,2023-10-22,2023-11-12
2023_11_SEA_LA,2023,11,2023-11-19,LA,SEA,1,0.376,0.4951456311,0.8359375,0.5034482759,0.4903846154,0.2,0.4761904762,0.4146341463,0.8231292517,0.6,0.5090909091,0.225,4,2023-10-15,2023-11-05,4,2023-10-22,2023-11-12
2023_11_TB_SF,2023,11,2023-11-19,SF,TB,1,0.5496183206,0.511627907,0.7786259542,0.5379746835,0.5222222222,0.2405063291,0.4259259259,0.2873563218,0.7716049383,0.525,0.5604395604,0.2298136646,4,2023-10-15,2023-11-12,4,2023-10-22,2023-11-12
2023_11_TEN_JAX,2023,11,2023-11-19,JAX,TEN,1,0.4275862069,0.4470588235,0.8482758621,0.5404040404,0.5357142857,0.1859296482,0.3422818792,0.5172413793,0.6711409396,0.5347222222,0.5504587156,0.1805555556,4,2023-10-15,2023-11-12,4,2023-10-15,2023-11-12
2023_11_PHI_KC,2023,11,2023-11-20,KC,PHI,0,0.5207100592,0.4428571429,0.8106508876,0.6466165414,0.4747474747,0.2556390977,0.5157232704,0.4361702128,0.7735849057,0.5380434783,0.5762711864,0.2162162162,4,2023-10-12,2023-11-05,4,2023-10-15,2023-11-05
2023_12_GB_DET,2023,12,2023-11-23,DET,GB,0,0.5089820359,0.5242718447,0.8165680473,0.4885496183,0.4622641509,0.1908396947,0.4424242424,0.53125,0.8121212121,0.5602836879,0.6078431373,0.1914893617,4,2023-10-22,2023-11-19,4,2023-10-29,2023-11-19
2023_12_SF_SEA,2023,12,2023-11-23,SEA,SF,0,0.43125,0.4594594595,0.8,0.5844155844,0.4774774775,0.2467532468,0.6136363636,0.5280898876,0.7803030303,0.5029239766,0.5405405405,0.1929824561,4,2023-10-29,2023-11-19,4,2023-10-23,2023-11-19
2023_12_WAS_DAL,2023,12,2023-11-23,DAL,WAS,1,0.521978022,0.4545454545,0.8516483516,0.6312056738,0.5227272727,0.2237762238,0.4829268293,0.5256410256,0.7902439024,0.5380116959,0.6025641026,0.1637426901,4,2023-10-29,2023-11-19,4,2023-10-29,2023-11-19
2023_12_MIA_NYJ,2023,12,2023-11-24,NYJ,MIA,0,0.3297297297,0.3,0.7634408602,0.6904761905,0.5384615385,0.2936507937,0.4329268293,0.4810126582,0.8353658537,0.5724137931,0.5243902439,0.2206896552,4,2023-10-29,2023-11-19,4,2023-10-22,2023-11-19
2023_12_BAL_LAC,2023,12,2023-11-26,LAC,BAL,0,0.4846625767,0.3372093023,0.7607361963,0.5689655172,0.5473684211,0.2171428571,0.4318181818,0.5963302752,0.8333333333,0.5652173913,0.5340909091,0.2037037037,4,2023-10-29,2023-11-19,4,2023-10-29,2023-11-16
2023_12_BUF_PHI,2023,12,2023-11-26,PHI,BUF,1,0.503649635,0.4591836735,0.7737226277,0.5336787565,0.5606060606,0.2227979275,0.5033112583,0.652173913,0.862745098,0.5823529412,0.6538461538,0.216374269,4,2023-10-22,2023-11-20,4,2023-10-26,2023-11-19
2023_12_CAR_TEN,2023,12,2023-11-26,TEN,CAR,1,0.3525179856,0.5172413793,0.690647482,0.514084507,0.6036036036,0.1971830986,0.349112426,0.4358974359,0.7692307692,0.5671641791,0.5181818182,0.1259259259,4,2023-10-29,2023-11-19,4,2023-10-29,2023-11-19
2023_12_CLE_DEN,2023,12,2023-11-26,DEN,CLE,1,0.4666666667,0.4519230769,0.762962963,0.5454545455,0.412371134,0.1805555556,0.3710691824,0.4692307692,0.786163522,0.6165413534,0.56,0.2706766917,4,2023-10-22,2023-11-19,4,2023-10-29,2023-11-19
2023_12_JAX_HOU,2023,12,2023-11-26,HOU,JAX,0,0.5194805195,0.4563106796,0.7692307692,0.5949367089,0.6265060241,0.2848101266,0.4620689655,0.3854166667,0.8344827586,0.5063291139,0.5411764706,0.2075471698,4,2023-10-29,2023-11-19,4,2023-10-19,2023-11-19
2023_12_KC_LV,2023,12,2023-11-26,LV,KC,0,0.373015873,0.5353535354,0.7936507937,0.5508982036,0.5480769231,0.1904761905,0.476744186,0.4520547945,0.773255814,0.6439393939,0.4901960784,0.2727272727,4,2023-10-30,2023-11-19,4,2023-10-22,2023-11-20
2023_12_LA_ARI,2023,12,2023-11-26,ARI,LA,0,0.4520547945,0.4382022472,0.7905405405,0.5820895522,0.544,0.2,0.3484848485,0.4752475248,0.8,0.5071428571,0.4489795918,0.1928571429,4,2023-10-29,2023-11-19,4,2023-10-22,2023-11-19
2023_12_NE_NYG,2023,12,2023-11-26,NYG,NE,1,0.309352518,0.3663366337,0.7285714286,0.4909090909,0.537037037,0.1939393939,0.4620689655,0.5555555556,0.8137931034,0.5057471264,0.4835164835,0.2126436782,4,2023-10-29,2023-11-19,4,2023-10-22,2023-11-12
2023_12_NO_ATL,2023,12,2023-11-26,ATL,NO,1,0.4244604317,0.425,0.8071428571,0.5590062112,0.5612244898,0.1901840491,0.4393063584,0.5346534653,0.8735632184,0.5414012739,0.5789473684,0.178343949,4,2023-10-22,2023-11-12,4,2023-10-19,2023-11-12
2023_12_PIT_CIN,2023,12,2023-11-26,CIN,PIT,0,0.488372093,0.4647887324,0.8023255814,0.4585987261,0.3977272727,0.1835443038,0.4565217391,0.48,0.7753623188,0.6121212121,0.5196078431,0.2,4,2023-10-29,2023-11-16,4,2023-10-29,2023-11-19
2023_12_TB_IND,2023,12,2023-11-26,IND,TB,1,0.4230769231,0.4594594595,0.7615384615,0.5657894737,0.4426229508,0.2105263158,0.4397590361,0.3411764706,0.7891566265,0.5153374233,0.5432098765,0.237804878,4,2023-10-22,2023-11-12,4,2023-10-26,2023-11-19
2023_12_CHI_MIN,2023,12,2023-11-27,MIN,CHI,0,0.4909090909,0.3928571429,0.8072289157,0.5977011494,0.5454545455,0.1494252874,0.5070422535,0.4672131148,0.8251748252,0.534591195,0.5975609756,0.175,4,2023-10-29,2023-11-19,4,2023-10-29,2023-11-19
2023_13_SEA_DAL,2023,13,2023-11-30,DAL,SEA,1,0.5172413793,0.476744186,0.8628571429,0.6064516129,0.5714285714,0.2,0.4076433121,0.4545454545,0.8089171975,0.5866666667,0.4711538462,0.18,4,2023-11-05,2023-11-23,4,2023-11-05,2023-11-23
2023_13_ARI_PIT,2023,13,2023-12-03,PIT,ARI,0,0.4444444444,0.5,0.8015873016,0.6211180124,0.5432098765,0.198757764,0.3961038961,0.4266666667,0.7820512821,0.5147058824,0.5615384615,0.1605839416,4,2023-11-02,2023-11-26,4,2023-11-05,2023-11-26
2023_13_ATL_NYJ,2023,13,2023-12-03,NYJ,ATL,0,0.329787234,0.3442622951,0.8201058201,0.5970149254,0.4957983193,0.2164179104,0.437037037,0.479338843,0.8235294118,0.5548387097,0.5094339623,0.152866242,4,2023-11-06,2023-11-24,4,2023-10-29,2023-11-26
2023_13_CAR_TB,2023,13,2023-12-03,TB,CAR,1,0.4423076923,0.3595505618,0.7884615385,0.5582822086,0.5421686747,0.2256097561,0.3293413174,0.4534883721,0.7664670659,0.5555555556,0.5098039216,0.1259259259,4,2023-11-05,2023-11-26,4,2023-11-05,2023-11-26
2023_13_CLE_LA,2023,13,2023-12-03,LA,CLE,1,0.4179104478,0.5048543689,0.8161764706,0.5341614907,0.4606741573,0.1851851852,0.349112426,0.452173913,0.8,0.6666666667,0.5543478261,0.3,4,2023-10-29,2023-11-26,4,2023-11-05,2023-11-26
2023_13_DEN_HOU,2023,13,2023-12-03,HOU,DEN,1,0.5317919075,0.4651162791,0.7701149425,0.5961538462,0.6153846154,0.2292993631,0.4263565891,0.4513274336,0.7441860465,0.5961538462,0.4347826087,0.2151898734,4,2023-11-05,2023-11-26,4,2023-10-29,2023-11-26
2023_13_DET_NO,2023,13,2023-12-03,NO,DET,0,0.4480519481,0.5353535354,0.9090909091,0.5205479452,0.5263157895,0.1917808219,0.534591195,0.5213675214,0.8447204969,0.5038167939,0.4761904762,0.1818181818,4,2023-10-29,2023-11-26,4,2023-10-30,2023-11-23
2023_13_IND_TEN,2023,13,2023-12-03,TEN,IND,0,0.3851851852,0.4736842105,0.7333333333,0.503649635,0.6271186441,0.204379562,0.3931034483,0.5306122449,0.8137931034,0.5430463576,0.4311926606,0.1920529801,4,2023-11-02,2023-11-26,4,2023-10-29,2023-11-26
2023_13_KC_GB,2023,13,2023-12-03,GB,KC,1,0.4832214765,0.5242718447,0.8333333333,0.5723684211,0.5490196078,0.1437908497,0.4606060606,0.527027027,0.7757575758,0.6183206107,0.4851485149,0.2442748092,4,2023-11-05,2023-11-23,4,2023-10-29,2023-11-26
2023_13_LAC_NE,2023,13,2023-12-03,NE,LAC,0,0.4026845638,0.5454545455,0.8053691275,0.5465838509,0.5402298851,0.198757764,0.4566473988,0.3766233766,0.7341040462,0.5730994152,0.4807692308,0.2222222222,4,2023-10-29,2023-11-26,4,2023-11-06,2023-11-26
2023_13_MIA_WAS,2023,13,2023-12-03,WAS,MIA,0,0.4673366834,0.4666666667,0.7989949749,0.5337423313,0.5657894737,0.1341463415,0.45,0.4803921569,0.85,0.6233766234,0.4920634921,0.2142857143,4,2023-11-05,2023-11-23,4,2023-10-29,2023-11-24
2023_13_SF_PHI,2023,13,2023-12-03,PHI,SF,0,0.4964028777,0.4526315789,0.7985611511,0.5280373832,0.5227272727,0.1962616822,0.5413533835,0.53,0.8345864662,0.5308641975,0.5205479452,0.1728395062,4,2023-10-29,2023-11-26,4,2023-10-29,2023-11-23
2023_13_CIN_JAX,2023,13,2023-12-04,JAX,CIN,0,0.4594594595,0.3738317757,0.8322147651,0.4689655172,0.5362318841,0.2137931034,0.4457831325,0.375,0.7951807229,0.4838709677,0.4343434343,0.1730769231,4,2023-10-29,2023-11-26,4,2023-11-05,2023-11-26
2023_14_NE_PIT,2023,14,2023-12-07,PIT,NE,0,0.4365079365,0.5,0.8015873016,0.6041666667,0.5934065934,0.1458333333,0.4066666667,0.5636363636,0.8133333333,0.54,0.5632183908,0.18,4,2023-11-12,2023-12-03,4,2023-11-05,2023-12-03
2023_14_BUF_KC,2023,14,2023-12-10,KC,BUF,0,0.475,0.5609756098,0.7875,0.5642857143,0.4555555556,0.2428571429,0.4846625767,0.5961538462,0.8848484848,0.5625,0.6222222222,0.1801242236,4,2023-11-05,2023-12-03,4,2023-11-05,2023-11-26
2023_14_CAR_NO,2023,14,2023-12-10,NO,CAR,1,0.4220779221,0.52,0.8701298701,0.484375,0.5462184874,0.1627906977,0.3181818182,0.4845360825,0.7467532468,0.5766423358,0.4607843137,0.1167883212,4,2023-11-05,2023-12-03,4,2023-11-09,2023-12-03
2023_14_DEN_LAC,2023,14,2023-12-10,LAC,DEN,0,0.4942528736,0.3875,0.8103448276,0.5410958904,0.4385964912,0.2328767123,0.4253731343,0.4554455446,0.7164179104,0.6054421769,0.4716981132,0.2333333333,4,2023-11-12,2023-12-03,4,2023-11-13,2023-12-03
2023_14_DET_CHI,2023,14,2023-12-10,CHI,DET,1,0.4897959184,0.479338843,0.8095238095,0.5844155844,0.5616438356,0.2322580645,0.5102040816,0.5096153846,0.8666666667,0.4552238806,0.512195122,0.1481481481,4,2023-11-05,2023-11-27,4,2023-11-12,2023-12-03
2023_14_HOU_NYJ,2023,14,2023-12-10,NYJ,HOU,1,0.3179190751,0.303030303,0.8045977011,0.5905511811,0.5149253731,0.2125984252,0.5,0.4791666667,0.7878787879,0.5923566879,0.5529411765,0.2278481013,4,2023-11-12,2023-12-03,4,2023-11-12,2023-12-03
2023_14_IND_CIN,2023,14,2023-12-10,CIN,IND,1,0.4444444444,0.4264705882,0.7530864198,0.5159235669,0.4454545455,0.2101910828,0.4189189189,0.5263157895,0.8657718121,0.6,0.4608695652,0.2375,4,2023-11-12,2023-12-04,4,2023-11-05,2023-12-03
2023_14_JAX_CLE,2023,14,2023-12-10,CLE,JAX,1,0.3791208791,0.5247524752,0.7704918033,0.616,0.53,0.24,0.4556962025,0.39,0.8176100629,0.4637681159,0.4823529412,0.231884058,4,2023-11-12,2023-12-03,4,2023-11-12,2023-12-04
2023_14_LA_BAL,2023,14,2023-12-10,BAL,LA,1,0.4558823529,0.6017699115,0.8308823529,0.5964912281,0.5540540541,0.2280701754,0.4264705882,0.4807692308,0.8161764706,0.5722891566,0.4193548387,0.2335329341,4,2023-11-05,2023-11-26,4,2023-11-05,2023-12-03
2023_14_MIN_LV,2023,14,2023-12-10,LV,MIN,0,0.4210526316,0.4666666667,0.8646616541,0.5508982036,0.5308641975,0.130952381,0.450617284,0.4141414141,0.7607361963,0.5917159763,0.5405405405,0.201183432,4,2023-11-05,2023-11-26,4,2023-11-05,2023-11-27
2023_14_PHI_DAL,2023,14,2023-12-10,DAL,PHI,1,0.5389221557,0.504950495,0.899408284,0.6121212121,0.5764705882,0.2,0.461038961,0.4382022472,0.7935483871,0.5291005291,0.49,0.2063492063,4,2023-11-12,2023-11-30,4,2023-11-05,2023-12-03
2023_14_SEA_SF,2023,14,2023-12-10,SF,SEA,1,0.5241935484,0.5504587156,0.8467741935,0.5777777778,0.6031746032,0.1767955801,0.4518072289,0.4823529412,0.7891566265,0.5660377358,0.49,0.20625,4,2023-11-12,2023-12-03,4,2023-11-12,2023-11-30
2023_14_TB_ATL,2023,14,2023-12-10,ATL,TB,0,0.4344262295,0.4393939394,0.7886178862,0.5843373494,0.612244898,0.1488095238,0.4407894737,0.4186046512,0.8421052632,0.6103896104,0.45,0.1948051948,4,2023-11-05,2023-12-03,4,2023-11-12,2023-12-03
2023_14_GB_NYG,2023,14,2023-12-11,NYG,GB,1,0.3581081081,0.3521126761,0.7516778523,0.475,0.5,0.1375,0.4936708861,0.5326086957,0.8301886792,0.5283018868,0.5,0.13125,4,2023-11-05,2023-11-26,4,2023-11-12,2023-12-03
2023_14_TEN_MIA,2023,14,2023-12-11,MIA,TEN,0,0.4485294118,0.5043478261,0.8676470588,0.6291390728,0.5142857143,0.2171052632,0.3893129771,0.4623655914,0.7557251908,0.5324675325,0.6422018349,0.1935483871,4,2023-11-05,2023-12-03,4,2023-11-12,2023-12-03
2023_15_LAC_LV,2023,15,2023-12-14,LV,LAC,1,0.3680555556,0.4659090909,0.8333333333,0.5730994152,0.511627907,0.1461988304,0.4364640884,0.4444444444,0.8011049724,0.5637583893,0.4424778761,0.2348993289,4,2023-11-12,2023-12-10,4,2023-11-19,2023-12-10
2023_15_DEN_DET,2023,15,2023-12-16,DET,DEN,1,0.4575163399,0.55,0.8269230769,0.5037593985,0.5,0.1703703704,0.4285714286,0.4845360825,0.7744360902,0.619047619,0.5,0.2470588235,4,2023-11-19,2023-12-10,4,2023-11-19,2023-12-10
2023_15_MIN_CIN,2023,15,2023-12-16,CIN,MIN,1,0.4788732394,0.4534883721,0.7957746479,0.534591195,0.4731182796,0.15625,0.4099378882,0.4848484848,0.7267080745,0.6158536585,0.5,0.2195121951,4,2023-11-16,2023-12-10,4,2023-11-12,2023-12-10
2023_15_PIT_IND,2023,15,2023-12-16,IND,PIT,1,0.4233128834,0.5529411765,0.8787878788,0.5827338129,0.4754098361,0.2446043165,0.4225352113,0.4851485149,0.8041958042,0.5970149254,0.6195652174,0.1417910448,4,2023-11-12,2023-12-10,4,2023-11-19,2023-12-07
2023_15_ATL_CAR,2023,15,2023-12-17,CAR,ATL,1,0.3202614379,0.525,0.7450980392,0.5905511811,0.4408602151,0.1417322835,0.464,0.4732824427,0.811023622,0.6133333333,0.5321100917,0.1258278146,4,2023-11-19,2023-12-10,4,2023-11-12,2023-12-10
2023_15_BAL_JAX,2023,15,2023-12-17,JAX,BAL,0,0.4628571429,0.4019607843,0.8079096045,0.5,0.5301204819,0.2077922078,0.4671052632,0.5789473684,0.8169934641,0.5856353591,0.5,0.2417582418,4,2023-11-19,2023-12-10,4,2023-11-12,2023-12-10
2023_15_CHI_CLE,2023,15,2023-12-17,CLE,CHI,1,0.3846153846,0.4795918367,0.7923497268,0.6357615894,0.5463917526,0.25,0.4666666667,0.5,0.7814569536,0.6178343949,0.4861111111,0.2721518987,4,2023-11-19,2023-12-10,4,2023-11-09,2023-12-10
2023_15_DAL_BUF,2023,15,2023-12-17,BUF,DAL,1,0.4431137725,0.5826086957,0.8035714286,0.5660377358,0.595505618,0.20625,0.5,0.5098039216,0.8915662651,0.5668789809,0.5164835165,0.1719745223,4,2023-11-13,2023-12-10,4,2023-11-19,2023-12-10
2023_15_HOU_TEN,2023,15,2023-12-17,TEN,HOU,0,0.4651162791,0.427184466,0.7846153846,0.5279503106,0.5585585586,0.2345679012,0.4358974359,0.4390243902,0.7898089172,0.5460526316,0.59375,0.2352941176,4,2023-11-19,2023-12-11,4,2023-11-19,2023-12-10
2023_15_KC_NE,2023,15,2023-12-17,NE,KC,0,0.4117647059,0.5384615385,0.7867647059,0.5673758865,0.5647058824,0.161971831,0.4912280702,0.5625,0.8011695906,0.5466666667,0.4456521739,0.2866666667,4,2023-11-12,2023-12-07,4,2023-11-20,2023-12-10
2023_15_NYG_NO,2023,15,2023-12-17,NO,NYG,1,0.4206896552,0.5714285714,0.8344827586,0.5597014925,0.5078125,0.1925925926,0.4135338346,0.3717948718,0.7368421053,0.4971751412,0.4636363636,0.1807909605,4,2023-11-12,2023-12-10,4,2023-11-12,2023-12-11
2023_15_NYJ_MIA,2023,15,2023-12-17,MIA,NYJ,1,0.4892086331,0.5203252033,0.8489208633,0.6075949367,0.6103896104,0.2,0.3372781065,0.3055555556,0.7529411765,0.6230769231,0.5371900826,0.2384615385,4,2023-11-19,2023-12-11,4,2023-11-19,2023-12-10
2023_15_SF_ARI,2023,15,2023-12-17,ARI,SF,0,0.4295302013,0.4456521739,0.821192053,0.4736842105,0.5166666667,0.171641791,0.496,0.5339805825,0.856,0.5674157303,0.6060606061,0.1611111111,4,2023-11-12,2023-12-03,4,2023-11-19,2023-12-10
2023_15_TB_GB,2023,15,2023-12-17,GB,TB,0,0.5063291139,0.5638297872,0.7924528302,0.4875,0.5053763441,0.149068323,0.4093959732,0.5208333333,0.8657718121,0.5548387097,0.4351851852,0.1282051282,4,2023-11-19,2023-12-11,4,2023-11-19,2023-12-10
2023_15_WAS_LA,2023,15,2023-12-17,LA,WAS,1,0.4421768707,0.5090909091,0.8040540541,0.5661375661,0.4666666667,0.1989528796,0.4350282486,0.4555555556,0.7865168539,0.514084507,0.5106382979,0.1468531469,4,2023-11-19,2023-12-10,4,2023-11-12,2023-12-03
2023_15_PHI_SEA,2023,15,2023-12-18,SEA,PHI,1,0.4193548387,0.4487179487,0.8012820513,0.5524475524,0.4859813084,0.1666666667,0.4437086093,0.4941176471,0.8223684211,0.5195530726,0.4782608696,0.1731843575,4,2023-11-19,2023-12-10,4,2023-11-20,2023-12-10
2023_16_NO_LA,2023,16,2023-12-21,LA,NO,1,0.4635761589,0.520661157,0.8289473684,0.5661375661,0.5416666667,0.1727748691,0.4765625,0.5137614679,0.8515625,0.654676259,0.5043478261,0.2214285714,4,2023-11-26,2023-12-17,4,2023-11-26,2023-12-17
2023_16_BUF_LAC,2023,16,2023-12-23,LAC,BUF,0,0.450867052,0.4512195122,0.7976878613,0.5492957746,0.4336283186,0.1690140845,0.4528301887,0.6015037594,0.786163522,0.5766871166,0.5,0.1707317073,4,2023-11-26,2023-12-14,4,2023-11-19,2023-12-17
2023_16_CIN_PIT,2023,16,2023-12-23,PIT,CIN,1,0.4604316547,0.4607843137,0.8285714286,0.5691056911,0.5833333333,0.1544715447,0.5135135135,0.5,0.7567567568,0.503030303,0.5,0.1927710843,4,2023-11-26,2023-12-16,4,2023-11-26,2023-12-16
2023_16_ARI_CHI,2023,16,2023-12-24,CHI,ARI,1,0.3924050633,0.4414414414,0.7672955975,0.5679012346,0.5064935065,0.245398773,0.4050632911,0.4791666667,0.81875,0.4360902256,0.4859813084,0.1278195489,4,2023-11-19,2023-12-17,4,2023-11-19,2023-12-17
2023_16_CLE_HOU,2023,16,2023-12-24,HOU,CLE,0,0.4090909091,0.4444444444,0.7870967742,0.582781457,0.637254902,0.2565789474,0.414893617,0.4318181818,0.7883597884,0.6503067485,0.595959596,0.2134146341,4,2023-11-26,2023-12-17,4,2023-11-26,2023-12-17
2023_16_DAL_MIA,2023,16,2023-12-24,MIA,DAL,1,0.4881889764,0.4959349593,0.8346456693,0.6265822785,0.6438356164,0.2625,0.509202454,0.5473684211,0.8848484848,0.5179856115,0.4336283186,0.1582733813,4,2023-11-24,2023-12-17,4,2023-11-23,2023-12-17
2023_16_DET_MIN,2023,16,2023-12-24,MIN,DET,0,0.4213836478,0.53,0.6918238994,0.5487804878,0.5138888889,0.262195122,0.4304635762,0.537037037,0.8235294118,0.5251798561,0.5047619048,0.2269503546,4,2023-11-19,2023-12-16,4,2023-11-23,2023-12-16
2023_16_GB_CAR,2023,16,2023-12-24,CAR,GB,0,0.3611111111,0.465648855,0.7638888889,0.5660377358,0.4949494949,0.141509434,0.5032258065,0.5833333333,0.8012820513,0.4496644295,0.4752475248,0.1533333333,4,2023-11-26,2023-12-17,4,2023-11-23,2023-12-17
2023_16_IND_ATL,2023,16,2023-12-24,ATL,IND,1,0.4705882353,0.4552845528,0.8416666667,0.6267605634,0.593220339,0.1408450704,0.4131736527,0.5543478261,0.875739645,0.5925925926,0.5446428571,0.2222222222,4,2023-11-26,2023-12-17,4,2023-11-26,2023-12-16
2023_16_JAX_TB,2023,16,2023-12-24,TB,JAX,1,0.4393939394,0.5047619048,0.8409090909,0.5757575758,0.4081632653,0.1506024096,0.4255319149,0.4567901235,0.8421052632,0.503030303,0.4571428571,0.2303030303,4,2023-11-26,2023-12-17,4,2023-11-26,2023-12-17
2023_16_NE_DEN,2023,16,2023-12-24,DEN,NE,0,0.4122137405,0.495412844,0.7251908397,0.6144578313,0.5,0.2380952381,0.3868613139,0.4747474747,0.8321167883,0.5649350649,0.6233766234,0.1548387097,4,2023-11-26,2023-12-16,4,2023-11-26,2023-12-17
2023_16_SEA_TEN,2023,16,2023-12-24,TEN,SEA,0,0.4206896552,0.3859649123,0.7602739726,0.5542168675,0.5229357798,0.2215568862,0.4429530201,0.4691358025,0.82,0.5170068027,0.4649122807,0.1216216216,4,2023-11-26,2023-12-17,4,2023-11-23,2023-12-18
2023_16_WAS_NYJ,2023,16,2023-12-24,NYJ,WAS,1,0.3468208092,0.2898550725,0.710982659,0.6290322581,0.592920354,0.2419354839,0.432748538,0.4193548387,0.8488372093,0.5190839695,0.4857142857,0.1287878788,4,2023-11-24,2023-12-17,4,2023-11-19,2023-12-17
2023_16_BAL_SF,2023,16,2023-12-25,SF,BAL,0,0.4958677686,0.5544554455,0.8925619835,0.5895953757,0.5454545455,0.1590909091,0.4705882353,0.610619469,0.7922077922,0.5901639344,0.52,0.1902173913,4,2023-11-23,2023-12-17,4,2023-11-16,2023-12-17
2023_16_LV_KC,2023,16,2023-12-25,KC,LV,0,0.509202454,0.5479452055,0.8588957055,0.5414012739,0.4823529412,0.2356687898,0.417218543,0.4512195122,0.8675496689,0.5403726708,0.5104166667,0.1677018634,4,2023-11-26,2023-12-17,4,2023-11-19,2023-12-14
2023_16_NYG_PHI,2023,16,2023-12-25,PHI,NYG,1,0.48125,0.5106382979,0.8819875776,0.496969697,0.4473684211,0.1151515152,0.3873239437,0.3466666667,0.7323943662,0.5403726708,0.4761904762,0.1863354037,4,2023-11-26,2023-12-18,4,2023-11-19,2023-12-17
2023_17_NYJ_CLE,2023,17,2023-12-28,CLE,NYJ,1,0.4623655914,0.4,0.807486631,0.6387434555,0.6419753086,0.1770833333,0.3575418994,0.3333333333,0.7374301676,0.6821705426,0.5858585859,0.2403100775,4,2023-12-03,2023-12-24,4,2023-12-03,2023-12-24
2023_17_DET_DAL,2023,17,2023-12-30,DAL,DET,1,0.4880952381,0.55,0.8047337278,0.4765625,0.3963963964,0.1796875,0.4647887324,0.5263157895,0.7762237762,0.5410958904,0.5368421053,0.3129251701,4,2023-11-30,2023-12-24,4,2023-12-03,2023-12-24
2023_17_ARI_PHI,2023,17,2023-12-31,PHI,ARI,0,0.4969325153,0.5643564356,0.8658536585,0.524822695,0.4519230769,0.1560283688,0.3888888889,0.5161290323,0.8181818182,0.4758064516,0.4188034188,0.1612903226,4,2023-12-03,2023-12-25,4,2023-11-26,2023-12-24
2023_17_ATL_CHI,2023,17,2023-12-31,CHI,ATL,1,0.3641975309,0.5,0.7423312883,0.6181818182,0.5333333333,0.2469879518,0.4728682171,0.4347826087,0.8230769231,0.6418918919,0.6283185841,0.2027027027,4,2023-11-27,2023-12-24,4,2023-12-03,2023-12-24
2023_17_CAR_JAX,2023,17,2023-12-31,JAX,CAR,1,0.4405940594,0.4262295082,0.8292682927,0.4936708861,0.5161290323,0.2215189873,0.4068965517,0.456,0.7724137931,0.5648148148,0.4864864865,0.1296296296,4,2023-12-04,2023-12-24,4,2023-12-03,2023-12-24
2023_17_CIN_KC,2023,17,2023-12-31,KC,CIN,1,0.4754098361,0.4647887324,0.8196721311,0.5724137931,0.4367816092,0.275862069,0.5093167702,0.5416666667,0.7407407407,0.5159235669,0.4736842105,0.1962025316,4,2023-12-03,2023-12-25,4,2023-12-04,2023-12-23
2023_17_GB_MIN,2023,17,2023-12-31,MIN,GB,0,0.4223602484,0.4743589744,0.6708074534,0.5297619048,0.4891304348,0.2619047619,0.4934210526,0.587628866,0.7763157895,0.4130434783,0.5208333333,0.2173913043,4,2023-11-27,2023-12-24,4,2023-12-03,2023-12-24
2023_17_LAC_DEN,2023,17,2023-12-31,DEN,LAC,1,0.4391891892,0.5,0.7466666667,0.5714285714,0.5106382979,0.2129032258,0.4347826087,0.4516129032,0.8385093168,0.5271317829,0.4864864865,0.1085271318,4,2023-12-03,2023-12-24,4,2023-12-03,2023-12-23
2023_17_LA_NYG,2023,17,2023-12-31,NYG,LA,0,0.3741007194,0.3950617284,0.7482014388,0.5266666667,0.4690265487,0.18,0.4736842105,0.5083333333,0.8366013072,0.5355191257,0.5633802817,0.1567567568,4,2023-11-26,2023-12-25,4,2023-12-03,2023-12-21
2023_17_LV_IND,2023,17,2023-12-31,IND,LV,1,0.4166666667,0.4719101124,0.8294117647,0.5496183206,0.512195122,0.1984732824,0.4045801527,0.5054945055,0.8473282443,0.5449438202,0.5581395349,0.191011236,4,2023-12-03,2023-12-24,4,2023-11-26,2023-12-25
2023_17_MIA_BAL,2023,17,2023-12-31,BAL,MIA,1,0.4842767296,0.5779816514,0.8125,0.5958549223,0.5,0.1958762887,0.5112781955,0.5178571429,0.8195488722,0.582781457,0.6235294118,0.3202614379,4,2023-11-26,2023-12-25,4,2023-12-03,2023-12-24
2023_17_NE_BUF,2023,17,2023-12-31,BUF,NE,1,0.4761904762,0.578125,0.8027210884,0.5521472393,0.4705882353,0.1472392638,0.4148148148,0.4431818182,0.8444444444,0.5398773006,0.5542168675,0.1506024096,4,2023-11-26,2023-12-23,4,2023-12-03,2023-12-24
2023_17_NO_TB,2023,17,2023-12-31,TB,NO,0,0.4812030075,0.4745762712,0.8721804511,0.5348837209,0.4939759036,0.16,0.4885496183,0.5051546392,0.8181818182,0.6266666667,0.5321100917,0.2251655629,4,2023-12-03,2023-12-24,4,2023-12-03,2023-12-21
2023_17_PIT_SEA,2023,17,2023-12-31,SEA,PIT,0,0.4415584416,0.4444444444,0.8064516129,0.5067567568,0.4513274336,0.2013422819,0.4427480916,0.4854368932,0.8257575758,0.5661764706,0.5384615385,0.1824817518,4,2023-11-30,2023-12-24,4,2023-12-03,2023-12-23
2023_17_SF_WAS,2023,17,2023-12-31,WAS,SF,0,0.3846153846,0.3820224719,0.872611465,0.5342465753,0.4545454545,0.074829932,0.4892086331,0.5454545455,0.8345323741,0.5762711864,0.5432098765,0.1388888889,4,2023-11-23,2023-12-24,4,2023-12-03,2023-12-25
2023_17_TEN_HOU,2023,17,2023-12-31,HOU,TEN,1,0.3726708075,0.4086021505,0.8024691358,0.5696202532,0.6470588235,0.2830188679,0.4105960265,0.4098360656,0.7105263158,0.5476190476,0.5252525253,0.2071005917,4,2023-12-03,2023-12-24,4,2023-12-03,2023-12-24
2023_18_HOU_IND,2023,18,2024-01-06,IND,HOU,0,0.4178082192,0.4791666667,0.8095238095,0.5071428571,0.4814814815,0.1571428571,0.4,0.4731182796,0.84375,0.5677419355,0.72,0.2948717949,4,2023-12-10,2023-12-31,4,2023-12-10,2023-12-31
2023_18_PIT_BAL,2023,18,2024-01-06,BAL,PIT,0,0.5234899329,0.5333333333,0.86,0.6108108108,0.512195122,0.1657754011,0.4566929134,0.525,0.828125,0.5479452055,0.5060240964,0.2380952381,4,2023-12-10,2023-12-31,4,2023-12-07,2023-12-31
2023_18_ATL_NO,2023,18,2024-01-07,NO,ATL,1,0.4888888889,0.4255319149,0.8602941176,0.6226415094,0.5473684211,0.19375,0.4637681159,0.4607843137,0.8633093525,0.5944055944,0.6016260163,0.1818181818,4,2023-12-10,2023-12-31,4,2023-12-10,2023-12-31
2023_18_BUF_MIA,2023,18,2024-01-07,MIA,BUF,0,0.4768211921,0.4752475248,0.8026315789,0.5202702703,0.5977011494,0.2818791946,0.4677419355,0.619047619,0.7580645161,0.5705128205,0.4625,0.1858974359,4,2023-12-11,2023-12-31,4,2023-12-10,2023-12-31
2023_18_CHI_GB,2023,18,2024-01-07,GB,CHI,1,0.5102040816,0.5727272727,0.8027210884,0.4306569343,0.5340909091,0.2627737226,0.3653846154,0.4615384615,0.7707006369,0.619047619,0.525,0.2071005917,4,2023-12-11,2023-12-31,4,2023-12-10,2023-12-31
2023_18_CLE_CIN,2023,18,2024-01-07,CIN,CLE,1,0.4846625767,0.5053763441,0.7195121951,0.5277777778,0.4835164835,0.2068965517,0.4588235294,0.39,0.8245614035,0.6470588235,0.5866666667,0.1658536585,4,2023-12-10,2023-12-31,4,2023-12-10,2023-12-28
2023_18_DAL_WAS,2023,18,2024-01-07,WAS,DAL,0,0.3602941176,0.4415584416,0.8394160584,0.5104895105,0.4428571429,0.0839160839,0.472392638,0.5280898876,0.754601227,0.4537815126,0.3884297521,0.1916666667,4,2023-12-03,2023-12-31,4,2023-12-10,2023-12-30
2023_18_DEN_LV,2023,18,2024-01-07,LV,DEN,1,0.4206896552,0.5591397849,0.8413793103,0.5696969697,0.5684210526,0.2303030303,0.4630872483,0.4519230769,0.7947019868,0.5732484076,0.4505494505,0.1656050955,4,2023-12-10,2023-12-31,4,2023-12-10,2023-12-31
2023_18_JAX_TEN,2023,18,2024-01-07,TEN,JAX,1,0.4195804196,0.3495145631,0.6805555556,0.5225806452,0.5,0.1935483871,0.4378378378,0.3529411765,0.8404255319,0.5483870968,0.5462962963,0.1935483871,4,2023-12-11,2023-12-31,4,2023-12-10,2023-12-31
2023_18_KC_LAC,2023,18,2024-01-07,LAC,KC,0,0.4099378882,0.4895833333,0.8385093168,0.5,0.5315315315,0.0833333333,0.4632768362,0.4264705882,0.7853107345,0.6,0.5111111111,0.3133333333,4,2023-12-10,2023-12-31,4,2023-12-10,2023-12-31
2023_18_LA_SF,2023,18,2024-01-07,SF,LA,0,0.5251798561,0.5306122449,0.8561151079,0.5866666667,0.4756097561,0.1381578947,0.5032679739,0.5423728814,0.8311688312,0.5483870968,0.6307692308,0.1428571429,4,2023-12-10,2023-12-31,4,2023-12-10,2023-12-31
2023_18_MIN_DET,2023,18,2024-01-07,DET,MIN,1,0.4966442953,0.547008547,0.7666666667,0.5384615385,0.5875,0.3312101911,0.4417177914,0.5131578947,0.6993865031,0.4746835443,0.462962963,0.2151898734,4,2023-12-10,2023-12-30,4,2023-12-10,2023-12-31
2023_18_NYJ_NE,2023,18,2024-01-07,NE,NYJ,0,0.4285714286,0.3875,0.8421052632,0.5534591195,0.4787234043,0.1728395062,0.3870967742,0.4252873563,0.7849462366,0.6589147287,0.5319148936,0.1860465116,4,2023-12-07,2023-12-31,4,2023-12-10,2023-12-28
2023_18_PHI_NYG,2023,18,2024-01-07,NYG,PHI,1,0.3870967742,0.4390243902,0.7692307692,0.4834437086,0.4519230769,0.1721854305,0.5454545455,0.5909090909,0.8787878788,0.4965517241,0.4568965517,0.1862068966,4,2023-12-11,2023-12-31,4,2023-12-10,2023-12-31
2023_18_SEA_ARI,2023,18,2024-01-07,ARI,SEA,0,0.462585034,0.5431034483,0.8120805369,0.4782608696,0.4299065421,0.1652173913,0.4362416107,0.4583333333,0.7733333333,0.5078125,0.4206349206,0.2109375,4,2023-12-03,2023-12-31,4,2023-12-10,2023-12-31
2023_18_TB_CAR,2023,18,2024-01-07,CAR,TB,0,0.4026845638,0.3904761905,0.7785234899,0.523364486,0.5438596491,0.1588785047,0.5,0.4245283019,0.8705035971,0.5058139535,0.6172839506,0.1371428571,4,2023-12-10,2023-12-31,4,2023-12-10,2023-12-31
2024_05_TB_ATL,2024,5,2024-10-03,ATL,TB,1,0.448,0.5348837209,0.746031746,0.4827586207,0.4094488189,0.1655172414,0.5231788079,0.4457831325,0.761589404,0.5,0.4494382022,0.2335329341,4,2024-09-08,2024-09-29,4,2024-09-08,2024-09-29
2024_05_ARI_SF,2024,5,2024-10-06,SF,ARI,0,0.5448275862,0.4869565217,0.7448275862,0.5692307692,0.5,0.2900763359,0.5,0.4903846154,0.7890625,0.4274193548,0.4661016949,0.136,4,2024-09-09,2024-09-29,4,2024-09-08,2024-09-29
2024_05_BAL_CIN,2024,5,2024-10-06,CIN,BAL,0,0.5167785235,0.5365853659,0.8866666667,0.4962406015,0.4414414414,0.1417910448,0.5238095238,0.5619834711,0.8412698413,0.5575757576,0.5285714286,0.251497006,4,2024-09-08,2024-09-29,4,2024-09-05,2024-09-29
2024_05_BUF_HOU,2024,5,2024-10-06,HOU,BUF,1,0.4425287356,0.4111111111,0.7298850575,0.5827338129,0.523255814,0.2517985612,0.5041322314,0.5106382979,0.8595041322,0.5612903226,0.4752475248,0.1870967742,4,2024-09-08,2024-09-29,4,2024-09-08,2024-09-29
2024_05_CAR_CHI,2024,5,2024-10-06,CHI,CAR,1,0.4074074074,0.4555555556,0.756097561,0.6183206107,0.5306122449,0.3106060606,0.3866666667,0.5681818182,0.8410596026,0.48,0.475,0.126984127,4,2024-09-08,2024-09-29,4,2024-09-08,2024-09-29
2024_05_CLE_WAS,2024,5,2024-10-06,WAS,CLE,1,0.5693430657,0.5420560748,0.8489208633,0.4696969697,0.40625,0.1925925926,0.3333333333,0.4788732394,0.6576086957,0.5851851852,0.5463917526,0.2518518519,4,2024-09-08,2024-09-29,4,2024-09-08,2024-09-29
2024_05_DAL_PIT,2024,5,2024-10-06,PIT,DAL,0,0.4621212121,0.4262295082,0.7954545455,0.5725806452,0.5842696629,0.2580645161,0.472392638,0.4567901235,0.8,0.6259541985,0.4298245614,0.2900763359,4,2024-09-08,2024-09-29,4,2024-09-08,2024-09-26
2024_05_GB_LA,2024,5,2024-10-06,LA,GB,0,0.4652777778,0.5425531915,0.7103448276,0.4545454545,0.4369747899,0.1900826446,0.4148148148,0.4959349593,0.7720588235,0.4966887417,0.5795454545,0.2317880795,4,2024-09-08,2024-09-29,4,2024-09-06,2024-09-29
2024_05_IND_JAX,2024,5,2024-10-06,JAX,IND,1,0.387755102,0.5731707317,0.7891156463,0.51875,0.5670103093,0.2125,0.4086956522,0.4787234043,0.7913043478,0.5364238411,0.5071428571,0.2434210526,4,2024-09-08,2024-09-29,4,2024-09-08,2024-09-29
2024_05_LV_DEN,2024,5,2024-10-06,DEN,LV,1,0.3660130719,0.4269662921,0.7647058824,0.5793103448,0.6145833333,0.3082191781,0.4545454545,0.3157894737,0.7935483871,0.5448275862,0.5326086957,0.1849315068,4,2024-09-08,2024-09-29,4,2024-09-08,2024-09-29
2024_05_MIA_NE,2024,5,2024-10-06,NE,MIA,0,0.3851851852,0.4607843137,0.6148148148,0.4934210526,0.4831460674,0.1578947368,0.4066666667,0.45,0.7947019868,0.5384615385,0.5700934579,0.2115384615,4,2024-09-08,2024-09-29,4,2024-09-08,2024-09-30
2024_05_NYG_SEA,2024,5,2024-10-06,SEA,NYG,0,0.5114942529,0.4698795181,0.75,0.5845070423,0.5257731959,0.338028169,0.4213836478,0.4,0.7577639752,0.5539568345,0.4777777778,0.2428571429,4,2024-09-08,2024-09-30,4,2024-09-08,2024-09-26
2024_05_NYJ_MIN,2024,5,2024-10-06,MIN,NYJ,1,0.4754098361,0.5353535354,0.7213114754,0.58,0.5915492958,0.3233830846,0.464516129,0.4659090909,0.8205128205,0.6511627907,0.5,0.2558139535,4,2024-09-08,2024-09-29,4,2024-09-09,2024-09-29
2024_05_NO_KC,2024,5,2024-10-07,KC,NO,1,0.5072463768,0.6489361702,0.7913669065,0.5294117647,0.5333333333,0.2745098039,0.5,0.6030534351,0.8073394495,0.5878787879,0.5285714286,0.2303030303,4,2024-09-05,2024-09-29,4,2024-09-08,2024-09-29
2024_06_SF_SEA,2024,6,2024-10-10,SEA,SF,0,0.5076142132,0.4754098361,0.7828282828,0.5227272727,0.476635514,0.3560606061,0.5424836601,0.4653465347,0.7516339869,0.6136363636,0.4505494505,0.2651515152,4,2024-09-15,2024-10-06,4,2024-09-15,2024-10-06
2024_06_ARI_GB,2024,6,2024-10-13,GB,ARI,1,0.4330708661,0.488372093,0.765625,0.4968944099,0.4691358025,0.248447205,0.487804878,0.5142857143,0.837398374,0.4518518519,0.4867256637,0.1470588235,4,2024-09-15,2024-10-06,4,2024-09-15,2024-10-06
2024_06_ATL_CAR,2024,6,2024-10-13,CAR,ATL,0,0.3815789474,0.6179775281,0.8496732026,0.4626865672,0.5217391304,0.1176470588,0.4716981132,0.4756097561,0.7875,0.4413793103,0.3963963964,0.1448275862,4,2024-09-15,2024-10-06,4,2024-09-16,2024-10-03
2024_06_CIN_NYG,2024,6,2024-10-13,NYG,CIN,0,0.4697986577,0.4455445545,0.7880794702,0.5304878049,0.5205479452,0.2303030303,0.5605095541,0.4725274725,0.8734177215,0.4900662252,0.3888888889,0.1513157895,4,2024-09-15,2024-10-06,4,2024-09-15,2024-10-06
2024_06_CLE_PHI,2024,6,2024-10-13,PHI,CLE,1,0.4709677419,0.5384615385,0.7419354839,0.5379310345,0.4583333333,0.156462585,0.3614457831,0.4155844156,0.7065868263,0.5808823529,0.5392156863,0.2132352941,4,2024-09-06,2024-09-29,4,2024-09-15,2024-10-06
2024_06_DET_DAL,2024,6,2024-10-13,DAL,DET,0,0.5202312139,0.4827586207,0.8057142857,0.5283018868,0.4365079365,0.2169811321,0.5294117647,0.5950413223,0.8014705882,0.5028248588,0.5675675676,0.2471910112,4,2024-09-15,2024-10-06,4,2024-09-08,2024-09-30
2024_06_HOU_NE,2024,6,2024-10-13,NE,HOU,0,0.3450704225,0.4886363636,0.6197183099,0.5032679739,0.5217391304,0.1688311688,0.4382022472,0.2658227848,0.7640449438,0.62,0.5714285714,0.28,4,2024-09-15,2024-10-06,4,2024-09-15,2024-10-06
2024_06_IND_TEN,2024,6,2024-10-13,TEN,IND,0,0.4100719424,0.4583333333,0.726618705,0.6324786325,0.5098039216,0.1848739496,0.4184397163,0.4838709677,0.8085106383,0.4965986395,0.5669291339,0.1621621622,4,2024-09-08,2024-09-30,4,2024-09-15,2024-10-06
2024_06_JAX_CHI,2024,6,2024-10-13,CHI,JAX,1,0.4512195122,0.4660194175,0.8012048193,0.6268656716,0.5,0.2592592593,0.4294871795,0.5625,0.8333333333,0.5088757396,0.5604395604,0.2071005917,4,2024-09-15,2024-10-06,4,2024-09-15,2024-10-06
2024_06_LAC_DEN,2024,6,2024-10-13,DEN,LAC,0,0.4074074074,0.4673913043,0.7925925926,0.5974842767,0.6555555556,0.3018867925,0.4038461538,0.4112149533,0.7403846154,0.5869565217,0.5058823529,0.152173913,4,2024-09-15,2024-10-06,4,2024-09-08,2024-09-29
2024_06_PIT_LV,2024,6,2024-10-13,LV,PIT,0,0.4487179487,0.2875,0.7579617834,0.5202702703,0.4891304348,0.1812080537,0.4661654135,0.4464285714,0.7518796992,0.5422535211,0.5979381443,0.2323943662,4,2024-09-15,2024-10-06,4,2024-09-15,2024-10-06
2024_06_TB_NO,2024,6,2024-10-13,NO,TB,0,0.4833333333,0.5185185185,0.7107438017,0.5176470588,0.4367816092,0.2058823529,0.5306122449,0.4487179487,0.8095238095,0.5051546392,0.4823529412,0.2268041237,4,2024-09-15,2024-10-07,4,2024-09-15,2024-10-03
2024_06_WAS_BAL,2024,6,2024-10-13,BAL,WAS,1,0.5371900826,0.5625,0.8347107438,0.5423728814,0.5675675676,0.2067039106,0.5142857143,0.5263157895,0.865248227,0.5474452555,0.4175824176,0.2,4,2024-09-15,2024-10-06,4,2024-09-15,2024-10-06
2024_06_BUF_NYJ,2024,6,2024-10-14,NYJ,BUF,0,0.4309392265,0.4705882353,0.7955801105,0.7067669173,0.5268817204,0.3007518797,0.4126984127,0.4615384615,0.8095238095,0.5660377358,0.5047619048,0.1698113208,4,2024-09-15,2024-10-06,4,2024-09-12,2024-10-06
2024_07_DEN_NO,2024,7,2024-10-17,NO,DEN,0,0.4503311258,0.4333333333,0.7565789474,0.496969697,0.3737373737,0.1746987952,0.4379562044,0.4942528736,0.8043478261,0.6081871345,0.5652173913,0.298245614,4,2024-09-22,2024-10-13,4,2024-09-22,2024-10-13
2024_07_CAR_WAS,2024,7,2024-10-20,WAS,CAR,1,0.5277777778,0.5050505051,0.8689655172,0.5182481752,0.427184466,0.2246376812,0.4110429448,0.5957446809,0.8475609756,0.4788732394,0.4862385321,0.1180555556,4,2024-09-23,2024-10-13,4,2024-09-22,2024-10-13
2024_07_CIN_CLE,2024,7,2024-10-20,CLE,CIN,0,0.3734177215,0.4109589041,0.7169811321,0.5511811024,0.547826087,0.1968503937,0.5666666667,0.4712643678,0.8476821192,0.4969325153,0.4074074074,0.1656441718,4,2024-09-22,2024-10-13,4,2024-09-23,2024-10-13
2024_07_DET_MIN,2024,7,2024-10-20,MIN,DET,0,0.4436090226,0.5,0.6842105263,0.5576923077,0.6212121212,0.2918660287,0.5401459854,0.5691056911,0.7737226277,0.56,0.6119402985,0.2840909091,4,2024-09-15,2024-10-06,4,2024-09-15,2024-10-13
2024_07_HOU_GB,2024,7,2024-10-20,GB,HOU,1,0.475862069,0.5446428571,0.7602739726,0.4596273292,0.4761904762,0.2422360248,0.4712643678,0.2857142857,0.7413793103,0.5902777778,0.5957446809,0.2847222222,4,2024-09-22,2024-10-13,4,2024-09-22,2024-10-13
2024_07_KC_SF,2024,7,2024-10-20,SF,KC,0,0.5357142857,0.476635514,0.8142857143,0.5947712418,0.4945054945,0.2222222222,0.5298013245,0.6788990826,0.8223684211,0.5539568345,0.6296296296,0.3309352518,4,2024-09-22,2024-10-10,4,2024-09-15,2024-10-07
2024_07_LV_LA,2024,7,2024-10-20,LA,LV,1,0.4680851064,0.5858585859,0.7183098592,0.4537815126,0.474137931,0.2100840336,0.4545454545,0.3373493976,0.8076923077,0.5486111111,0.4947368421,0.198630137,4,2024-09-15,2024-10-06,4,2024-09-22,2024-10-13
2024_07_MIA_IND,2024,7,2024-10-20,IND,MIA,1,0.4375,0.4519230769,0.8263888889,0.525,0.5196078431,0.1677018634,0.4,0.4347826087,0.7959183673,0.5739130435,0.55,0.2347826087,4,2024-09-22,2024-10-13,4,2024-09-12,2024-10-06
2024_07_NE_JAX,2024,7,2024-10-20,JAX,NE,1,0.4573170732,0.4935064935,0.8545454545,0.4363636364,0.5681818182,0.1696969697,0.3552631579,0.4133333333,0.6578947368,0.5035460993,0.5483870968,0.1901408451,4,2024-09-23,2024-10-13,4,2024-09-19,2024-10-13
2024_07_NYJ_PIT,2024,7,2024-10-20,PIT,NYJ,1,0.4604316547,0.4814814815,0.7642857143,0.5138888889,0.595959596,0.2,0.4301075269,0.4285714286,0.7849462366,0.6953125,0.4947368421,0.3203125,4,2024-09-22,2024-10-13,4,2024-09-19,2024-10-14
2024_07_PHI_NYG,2024,7,2024-10-20,NYG,PHI,0,0.4691358025,0.4537037037,0.7901234568,0.51875,0.5333333333,0.2298136646,0.4615384615,0.603960396,0.7482517483,0.5362318841,0.4897959184,0.1642857143,4,2024-09-22,2024-10-13,4,2024-09-16,2024-10-13
2024_07_SEA_ATL,2024,7,2024-10-20,ATL,SEA,0,0.4620253165,0.5274725275,0.7974683544,0.46,0.4455445545,0.1133333333,0.495049505,0.46875,0.8078817734,0.5038167939,0.4803921569,0.2824427481,4,2024-09-22,2024-10-13,4,2024-09-22,2024-10-10
2024_07_TEN_BUF,2024,7,2024-10-20,BUF,TEN,1,0.4117647059,0.5208333333,0.7867647059,0.5947712418,0.5263157895,0.1895424837,0.4045801527,0.4897959184,0.8091603053,0.593495935,0.5675675676,0.1451612903,4,2024-09-23,2024-10-14,4,2024-09-15,2024-10-13
2024_07_BAL_TB,2024,7,2024-10-21,TB,BAL,0,0.55625,0.5604395604,0.850931677,0.5189189189,0.5384615385,0.227027027,0.547826087,0.5882352941,0.7826086957,0.5340909091,0.5277777778,0.1966292135,4,2024-09-22,2024-10-13,4,2024-09-22,2024-10-13
2024_07_LAC_ARI,2024,7,2024-10-21,ARI,LAC,1,0.4736842105,0.5,0.8270676692,0.4057971014,0.4444444444,0.1151079137,0.4122807018,0.4576271186,0.7280701754,0.5683453237,0.4615384615,0.15,4,2024-09-22,2024-10-13,4,2024-09-15,2024-10-13
2024_08_MIN_LA,2024,8,2024-10-24,LA,MIN,1,0.4887218045,0.5904761905,0.7611940299,0.5467625899,0.4678899083,0.2805755396,0.4275362319,0.4591836735,0.7122302158,0.5647668394,0.5735294118,0.2783505155,4,2024-09-22,2024-10-20,4,2024-09-22,2024-10-20
2024_08_ARI_MIA,2024,8,2024-10-27,MIA,ARI,0,0.3787878788,0.4333333333,0.7313432836,0.6048387097,0.5412844037,0.2822580645,0.472,0.5625,0.856,0.4451612903,0.4811320755,0.1346153846,4,2024-09-22,2024-10-20,4,2024-09-29,2024-10-21
2024_08_ATL_TB,2024,8,2024-10-27,TB,ATL,0,0.5755813953,0.55,0.92,0.5260115607,0.5925925926,0.2138728324,0.4698795181,0.5918367347,0.8313253012,0.4822695035,0.5463917526,0.1489361702,4,2024-09-29,2024-10-21,4,2024-09-29,2024-10-20
2024_08_BAL_CLE,2024,8,2024-10-27,CLE,BAL,1,0.377245509,0.4230769231,0.7202380952,0.5862068966,0.5818181818,0.1810344828,0.552,0.5081967213,0.784,0.4971098266,0.512195122,0.1714285714,4,2024-09-29,2024-10-20,4,2024-09-29,2024-10-21
2024_08_BUF_SEA,2024,8,2024-10-27,SEA,BUF,0,0.4848484848,0.4393939394,0.7939698492,0.4580152672,0.4482758621,0.2442748092,0.3897058824,0.5164835165,0.7720588235,0.5486111111,0.6078431373,0.2152777778,4,2024-09-30,2024-10-20,4,2024-09-29,2024-10-20
2024_08_CAR_DEN,2024,8,2024-10-27,DEN,CAR,1,0.3969465649,0.5842696629,0.8409090909,0.6592178771,0.5698924731,0.2569832402,0.3931034483,0.5697674419,0.8344827586,0.472,0.421875,0.0952380952,4,2024-09-29,2024-10-17,4,2024-09-29,2024-10-20
2024_08_CHI_WAS,2024,8,2024-10-27,WAS,CHI,1,0.5070422535,0.5420560748,0.8741258741,0.5811965812,0.4571428571,0.2820512821,0.52,0.4862385321,0.8355263158,0.5869565217,0.4597701149,0.2357142857,4,2024-09-29,2024-10-20,4,2024-09-22,2024-10-13
2024_08_DAL_SF,2024,8,2024-10-27,SF,DAL,1,0.5035971223,0.4646464646,0.8357142857,0.5769230769,0.5151515152,0.2051282051,0.4689265537,0.4819277108,0.7430167598,0.5371900826,0.4590163934,0.1900826446,4,2024-09-29,2024-10-20,4,2024-09-22,2024-10-13
2024_08_GB_JAX,2024,8,2024-10-27,JAX,GB,0,0.5338345865,0.4747474747,0.9037037037,0.4709302326,0.6184210526,0.1734104046,0.4871794872,0.5204081633,0.7579617834,0.4863013699,0.4951456311,0.2808219178,4,2024-09-29,2024-10-20,4,2024-09-29,2024-10-20
2024_08_IND_HOU,2024,8,2024-10-27,HOU,IND,1,0.4868421053,0.3366336634,0.6973684211,0.5878378378,0.632183908,0.2364864865,0.4304635762,0.4339622642,0.8145695364,0.5147058824,0.4909090909,0.1911764706,4,2024-09-29,2024-10-20,4,2024-09-29,2024-10-20
2024_08_KC_LV,2024,8,2024-10-27,LV,KC,0,0.4,0.4081632653,0.75,0.5426356589,0.5652173913,0.1846153846,0.5460526316,0.652173913,0.8092105263,0.5555555556,0.6375,0.3382352941,4,2024-09-29,2024-10-20,4,2024-09-22,2024-10-20
2024_08_NO_LAC,2024,8,2024-10-27,LAC,NO,1,0.4148148148,0.387755102,0.7333333333,0.5251798561,0.4470588235,0.15,0.4127906977,0.45,0.761627907,0.4967320261,0.320754717,0.1298701299,4,2024-09-22,2024-10-21,4,2024-09-29,2024-10-17
2024_08_NYJ_NE,2024,8,2024-10-27,NE,NYJ,1,0.3962264151,0.3513513514,0.7375,0.5163934426,0.5454545455,0.185483871,0.3870967742,0.3623188406,0.7647058824,0.6693548387,0.5042735043,0.2983870968,4,2024-09-29,2024-10-20,4,2024-09-29,2024-10-20
2024_08_PHI_CIN,2024,8,2024-10-27,CIN,PHI,0,0.5255474453,0.3444444444,0.8102189781,0.5555555556,0.4174757282,0.2105263158,0.4427480916,0.5090909091,0.7251908397,0.5753424658,0.5340909091,0.1972789116,4,2024-09-29,2024-10-20,4,2024-09-22,2024-10-20
2024_08_TEN_DET,2024,8,2024-10-27,DET,TEN,1,0.5871559633,0.5609756098,0.752293578,0.5760869565,0.578125,0.2580645161,0.4244604317,0.4375,0.7697841727,0.56,0.6018518519,0.1428571429,4,2024-09-22,2024-10-20,4,2024-09-22,2024-10-20
2024_08_NYG_PIT,2024,8,2024-10-28,PIT,NYG,1,0.4518518519,0.4869565217,0.7279411765,0.5220125786,0.5638297872,0.1739130435,0.4259259259,0.46875,0.7901234568,0.4926470588,0.5581395349,0.2205882353,4,2024-09-29,2024-10-20,4,2024-09-26,2024-10-20
2024_09_HOU_NYJ,2024,9,2024-10-31,NYJ,HOU,1,0.4329268293,0.4487179487,0.7771084337,0.6044776119,0.5086206897,0.2518518519,0.4620689655,0.3703703704,0.6896551724,0.6291390728,0.6477272727,0.298013245,4,2024-10-06,2024-10-27,4,2024-10-06,2024-10-27
2024_09_CHI_ARI,2024,9,2024-11-03,ARI,CHI,1,0.5185185185,0.5168539326,0.8592592593,0.4779874214,0.5050505051,0.1572327044,0.5039370079,0.5321100917,0.8062015504,0.549382716,0.4880952381,0.243902439,4,2024-10-06,2024-10-27,4,2024-09-29,2024-10-27
2024_09_DAL_ATL,2024,9,2024-11-03,ATL,DAL,1,0.512345679,0.5675675676,0.8148148148,0.4901960784,0.5647058824,0.1241830065,0.4691358025,0.4651162791,0.7160493827,0.5401459854,0.4954954955,0.197080292,4,2024-10-03,2024-10-27,4,2024-09-26,2024-10-27
2024_09_DEN_BAL,2024,9,2024-11-03,BAL,DEN,1,0.5448275862,0.5092592593,0.7310344828,0.4555555556,0.5476190476,0.1693989071,0.4829931973,0.6111111111,0.8716216216,0.6352941176,0.5760869565,0.2529411765,4,2024-10-06,2024-10-27,4,2024-10-06,2024-10-27
2024_09_DET_GB,2024,9,2024-11-03,GB,DET,0,0.4846153846,0.5438596491,0.8230769231,0.4965986395,0.4845360825,0.2517006803,0.5377358491,0.5607476636,0.7075471698,0.5873015873,0.4805194805,0.2617801047,4,2024-10-06,2024-10-27,4,2024-09-30,2024-10-27
2024_09_IND_MIN,2024,9,2024-11-03,MIN,IND,1,0.4518518519,0.4505494505,0.7132352941,0.5056818182,0.5697674419,0.2655367232,0.391025641,0.4343434343,0.7564102564,0.5074626866,0.5221238938,0.2089552239,4,2024-09-29,2024-10-24,4,2024-10-06,2024-10-27
2024_09_JAX_PHI,2024,9,2024-11-03,PHI,JAX,1,0.4672897196,0.511627907,0.7570093458,0.5408805031,0.5512820513,0.1761006289,0.5606060606,0.4848484848,0.9104477612,0.5128205128,0.5113636364,0.127388535,4,2024-09-29,2024-10-27,4,2024-10-06,2024-10-27
2024_09_LAC_CLE,2024,9,2024-11-03,CLE,LAC,0,0.3869047619,0.4534883721,0.7294117647,0.5496183206,0.5588235294,0.2366412214,0.4189189189,0.4077669903,0.7702702703,0.5620915033,0.4473684211,0.1493506494,4,2024-10-06,2024-10-27,4,2024-09-29,2024-10-27
2024_09_LA_SEA,2024,9,2024-11-03,SEA,LA,0,0.4761904762,0.34375,0.7976190476,0.5068493151,0.4117647059,0.1780821918,0.5289855072,0.5092592593,0.7985611511,0.5615384615,0.4705882353,0.3153846154,4,2024-10-06,2024-10-27,4,2024-09-29,2024-10-24
2024_09_LV_CIN,2024,9,2024-11-03,CIN,LV,1,0.524137931,0.3376623377,0.8137931034,0.5329341317,0.4434782609,0.2261904762,0.4355828221,0.3666666667,0.737804878,0.5078125,0.55,0.1472868217,4,2024-10-06,2024-10-27,4,2024-10-06,2024-10-27
2024_09_MIA_BUF,2024,9,2024-11-03,BUF,MIA,1,0.4306569343,0.5353535354,0.8321167883,0.5483870968,0.6746987952,0.2193548387,0.4210526316,0.4488188976,0.8,0.5725806452,0.5267857143,0.2661290323,4,2024-10-06,2024-10-27,4,2024-09-30,2024-10-27
2024_09_NE_TEN,2024,9,2024-11-03,TEN,NE,1,0.401459854,0.474137931,0.7737226277,0.5528455285,0.612244898,0.1693548387,0.4230769231,0.3717948718,0.8101265823,0.5123966942,0.5114503817,0.1935483871,4,2024-09-30,2024-10-27,4,2024-10-06,2024-10-27
2024_09_NO_CAR,2024,9,2024-11-03,CAR,NO,1,0.3819444444,0.5,0.7777777778,0.4814814815,0.3779527559,0.0955882353,0.3606557377,0.3880597015,0.7540983607,0.4774193548,0.3793103448,0.141025641,4,2024-10-06,2024-10-27,4,2024-10-07,2024-10-27
2024_09_WAS_NYG,2024,9,2024-11-03,NYG,WAS,0,0.4146341463,0.5257731959,0.7212121212,0.5357142857,0.5591397849,0.2428571429,0.4802631579,0.4901960784,0.7960526316,0.606557377,0.4901960784,0.3089430894,4,2024-10-06,2024-10-28,4,2024-10-06,2024-10-27
2024_09_TB_KC,2024,9,2024-11-04,KC,TB,1,0.5562913907,0.5945945946,0.821192053,0.5362318841,0.68,0.3021582734,0.5755813953,0.5463917526,0.9314285714,0.5,0.6153846154,0.1904761905,4,2024-09-29,2024-10-27,4,2024-10-03,2024-10-27
2024_10_CIN_BAL,2024,10,2024-11-07,BAL,CIN,1,0.575,0.4636363636,0.7666666667,0.4916201117,0.5402298851,0.1758241758,0.5384615385,0.4096385542,0.7412587413,0.5660377358,0.4811320755,0.275,4,2024-10-13,2024-11-03,4,2024-10-13,2024-11-03
2024_10_ATL_NO,2024,10,2024-11-10,NO,ATL,1,0.3539325843,0.4947368421,0.7988826816,0.5428571429,0.4215686275,0.1267605634,0.4960629921,0.6,0.796875,0.5480225989,0.5,0.1797752809,4,2024-10-13,2024-11-03,4,2024-10-13,2024-11-03
2024_10_BUF_IND,2024,10,2024-11-10,IND,BUF,0,0.3676470588,0.4141414141,0.7058823529,0.5214285714,0.5,0.2785714286,0.514084507,0.6021505376,0.8881118881,0.4965034965,0.5747126437,0.2027972028,4,2024-10-13,2024-11-03,4,2024-10-14,2024-11-03
2024_10_DEN_KC,2024,10,2024-11-10,KC,DEN,1,0.5628742515,0.5772357724,0.8323353293,0.5103448276,0.6567164179,0.2397260274,0.4746835443,0.5760869565,0.8679245283,0.6,0.52,0.2066666667,4,2024-10-07,2024-11-04,4,2024-10-13,2024-11-03
2024_10_DET_HOU,2024,10,2024-11-10,HOU,DET,0,0.4161073826,0.4144144144,0.6510067114,0.58,0.6071428571,0.26,0.4953271028,0.5636363636,0.738317757,0.6024096386,0.5119047619,0.2678571429,4,2024-10-13,2024-10-31,4,2024-10-13,2024-11-03
2024_10_MIN_JAX,2024,10,2024-11-10,JAX,MIN,0,0.4962406015,0.4835164835,0.8613138686,0.4892086331,0.5327102804,0.1276595745,0.4436619718,0.4731182796,0.7132867133,0.52,0.5697674419,0.2466666667,4,2024-10-13,2024-11-03,4,2024-10-06,2024-11-03
2024_10_NE_CHI,2024,10,2024-11-10,CHI,NE,0,0.4503311258,0.5196078431,0.7647058824,0.5490196078,0.4838709677,0.2402597403,0.4444444444,0.301369863,0.8092485549,0.4710743802,0.519379845,0.2276422764,4,2024-10-06,2024-11-03,4,2024-10-13,2024-11-03
2024_10_NYG_CAR,2024,10,2024-11-10,CAR,NYG,1,0.3939393939,0.4625,0.8045112782,0.5187969925,0.3795620438,0.1343283582,0.4090909091,0.5463917526,0.7579617834,0.5263157895,0.5084745763,0.2368421053,4,2024-10-13,2024-11-03,4,2024-10-13,2024-11-03
2024_10_NYJ_ARI,2024,10,2024-11-10,ARI,NYJ,1,0.544,0.5346534653,0.832,0.5297619048,0.5,0.2083333333,0.4468085106,0.5,0.8111888112,0.6153846154,0.4957264957,0.25,4,2024-10-13,2024-11-03,4,2024-10-14,2024-10-31
2024_10_PHI_DAL,2024,10,2024-11-10,DAL,PHI,0,0.420212766,0.5060240964,0.7037037037,0.5245901639,0.4347826087,0.2520325203,0.5048543689,0.4864864865,0.8173076923,0.5902777778,0.5857142857,0.2123287671,4,2024-10-06,2024-11-03,4,2024-10-13,2024-11-03
2024_10_PIT_WAS,2024,10,2024-11-10,WAS,PIT,0,0.524822695,0.5333333333,0.7943262411,0.5535714286,0.4285714286,0.2695652174,0.4285714286,0.4830508475,0.7322834646,0.5443786982,0.5340909091,0.2151162791,4,2024-10-13,2024-11-03,4,2024-10-06,2024-10-28
2024_10_SF_TB,2024,10,2024-11-10,TB,SF,0,0.5505617978,0.5483870968,0.9171270718,0.5031847134,0.5471698113,0.178343949,0.5070422535,0.49,0.8461538462,0.5414012739,0.5106382979,0.1656050955,4,2024-10-13,2024-11-04,4,2024-10-06,2024-10-27
2024_10_TEN_LAC,2024,10,2024-11-10,LAC,TEN,1,0.4117647059,0.404040404,0.7516339869,0.56,0.5333333333,0.1534090909,0.4304635762,0.4824561404,0.7682119205,0.5337837838,0.6024096386,0.1891891892,4,2024-10-13,2024-11-03,4,2024-10-13,2024-11-03
2024_10_MIA_LA,2024,10,2024-11-11,LA,MIA,0,0.5333333333,0.4672897196,0.8066666667,0.5782312925,0.5,0.3129251701,0.496350365,0.515625,0.8260869565,0.5211267606,0.4615384615,0.2237762238,4,2024-10-06,2024-11-03,4,2024-10-06,2024-11-03
2024_11_WAS_PHI,2024,11,2024-11-14,PHI,WAS,1,0.5140186916,0.4733333333,0.7685185185,0.6232876712,0.5352112676,0.2094594595,0.4852941176,0.5752212389,0.8014705882,0.6,0.4830508475,0.2372881356,4,2024-10-20,2024-11-10,4,2024-10-20,2024-11-10
2024_11_ATL_DEN,2024,11,2024-11-17,DEN,ATL,1,0.4733333333,0.5392156863,0.86,0.5776397516,0.5853658537,0.2173913043,0.4782608696,0.6016949153,0.7697841727,0.5487804878,0.488372093,0.2121212121,4,2024-10-17,2024-11-10,4,2024-10-20,2024-11-10
2024_11_BAL_PIT,2024,11,2024-11-17,PIT,BAL,1,0.4140625,0.4351145038,0.7674418605,0.5962732919,0.5,0.2134146341,0.5634920635,0.4489795918,0.8333333333,0.4923857868,0.5227272727,0.1791044776,4,2024-10-13,2024-11-10,4,2024-10-21,2024-11-07
2024_11_CIN_LAC,2024,11,2024-11-17,LAC,CIN,1,0.4492753623,0.412371134,0.7753623188,0.5688622754,0.5061728395,0.1796407186,0.5325443787,0.4024390244,0.7529411765,0.5460526316,0.4949494949,0.2483660131,4,2024-10-21,2024-11-10,4,2024-10-20,2024-11-07
2024_11_CLE_NO,2024,11,2024-11-17,NO,CLE,1,0.3503184713,0.5148514851,0.7974683544,0.5886524823,0.4019607843,0.161971831,0.427027027,0.4534883721,0.7593582888,0.5503875969,0.5913978495,0.3255813953,4,2024-10-17,2024-11-10,4,2024-10-13,2024-11-03
2024_11_GB_CHI,2024,11,2024-11-17,CHI,GB,0,0.3821656051,0.4943820225,0.6962025316,0.5106382979,0.4672897196,0.2464788732,0.5071428571,0.5363636364,0.829787234,0.5,0.5204081633,0.2213114754,4,2024-10-13,2024-11-10,4,2024-10-13,2024-11-03
2024_11_IND_NYJ,2024,11,2024-11-17,NYJ,IND,0,0.4539007092,0.55,0.7972027972,0.5724637681,0.5123966942,0.2302158273,0.375,0.4042553191,0.6691176471,0.4900662252,0.512195122,0.298013245,4,2024-10-20,2024-11-10,4,2024-10-20,2024-11-10
2024_11_JAX_DET,2024,11,2024-11-17,DET,JAX,1,0.5,0.5229357798,0.7358490566,0.5741935484,0.5473684211,0.2292993631,0.452991453,0.4615384615,0.8666666667,0.4965986395,0.5289256198,0.1275167785,4,2024-10-20,2024-11-10,4,2024-10-20,2024-11-10
2024_11_KC_BUF,2024,11,2024-11-17,BUF,KC,1,0.5098039216,0.5744680851,0.8766233766,0.4791666667,0.6022727273,0.2222222222,0.5174418605,0.5,0.8139534884,0.4928571429,0.6184210526,0.1843971631,4,2024-10-20,2024-11-10,4,2024-10-20,2024-11-10
2024_11_LA_NE,2024,11,2024-11-17,NE,LA,0,0.4430379747,0.4457831325,0.8125,0.5511811024,0.479338843,0.2325581395,0.5298013245,0.4226804124,0.8344370861,0.5838926174,0.52,0.3087248322,4,2024-10-20,2024-11-10,4,2024-10-20,2024-11-11
2024_11_LV_MIA,2024,11,2024-11-17,MIA,LV,1,0.5075757576,0.5272727273,0.803030303,0.4774193548,0.4725274725,0.2051282051,0.4375,0.4252873563,0.701863354,0.4565217391,0.5333333333,0.2158273381,4,2024-10-20,2024-11-11,4,2024-10-13,2024-11-03
2024_11_MIN_TEN,2024,11,2024-11-17,TEN,MIN,0,0.461038961,0.4859813084,0.7337662338,0.5151515152,0.5227272727,0.1893939394,0.5170068027,0.4807692308,0.7702702703,0.5333333333,0.5795454545,0.2166666667,4,2024-10-20,2024-11-10,4,2024-10-20,2024-11-10
2024_11_SEA_SF,2024,11,2024-11-17,SF,SEA,0,0.514084507,0.4791666667,0.8251748252,0.5384615385,0.5306122449,0.1794871795,0.45625,0.3793103448,0.775,0.5033112583,0.4424778761,0.1523178808,4,2024-10-10,2024-11-10,4,2024-10-10,2024-11-03
2024_11_HOU_DAL,2024,11,2024-11-18,DAL,HOU,0,0.3428571429,0.5454545455,0.6931818182,0.5041322314,0.4552845528,0.262295082,0.3881578947,0.4107142857,0.6513157895,0.5755395683,0.5531914894,0.2589928058,4,2024-10-13,2024-11-10,4,2024-10-20,2024-11-10
2024_12_PIT_CLE,2024,12,2024-11-21,CLE,PIT,1,0.4487804878,0.4390243902,0.7703349282,0.5413533835,0.6091954023,0.3458646617,0.401459854,0.4626865672,0.7518248175,0.6258064516,0.4556962025,0.2594936709,4,2024-10-20,2024-11-17,4,2024-10-20,2024-11-17
2024_12_ARI_SEA,2024,12,2024-11-24,SEA,ARI,1,0.4794520548,0.3977272727,0.7397260274,0.5032258065,0.4433962264,0.1612903226,0.5789473684,0.5575221239,0.8421052632,0.5614035088,0.5125,0.2222222222,4,2024-10-20,2024-11-17,4,2024-10-21,2024-11-10
2024_12_DAL_WAS,2024,12,2024-11-24,WAS,DAL,0,0.4897959184,0.5192307692,0.8175675676,0.59375,0.4545454545,0.1984732824,0.3670212766,0.5384615385,0.7671957672,0.5118110236,0.4867256637,0.234375,4,2024-10-27,2024-11-14,4,2024-10-27,2024-11-18
2024_12_DEN_LV,2024,12,2024-11-24,LV,DEN,0,0.4550898204,0.4146341463,0.7005988024,0.3986013986,0.5242718447,0.1888111888,0.5,0.4851485149,0.8289473684,0.537414966,0.6162790698,0.2244897959,4,2024-10-20,2024-11-17,4,2024-10-27,2024-11-17
2024_12_DET_IND,2024,12,2024-11-24,IND,DET,0,0.4100719424,0.3673469388,0.7071428571,0.5163398693,0.5188679245,0.2549019608,0.5877192982,0.5454545455,0.798245614,0.5733333333,0.5578947368,0.2251655629,4,2024-10-27,2024-11-17,4,2024-10-27,2024-11-17
2024_12_KC_CAR,2024,12,2024-11-24,CAR,KC,0,0.3833333333,0.4659090909,0.7355371901,0.5104895105,0.4104477612,0.1527777778,0.52,0.5056179775,0.7542857143,0.5,0.6172839506,0.2027027027,4,2024-10-20,2024-11-10,4,2024-10-27,2024-11-17
2024_12_MIN_CHI,2024,12,2024-11-24,CHI,MIN,0,0.3641975309,0.5,0.7012195122,0.4830508475,0.4424778761,0.2627118644,0.5540540541,0.4700854701,0.7702702703,0.5891472868,0.6375,0.2325581395,4,2024-10-27,2024-11-17,4,2024-10-24,2024-11-17
2024_12_NE_MIA,2024,12,2024-11-24,MIA,NE,1,0.5507246377,0.52,0.8695652174,0.4425287356,0.472972973,0.16,0.4844720497,0.5408163265,0.8086419753,0.5563909774,0.4615384615,0.2537313433,4,2024-10-27,2024-11-17,4,2024-10-27,2024-11-17
2024_12_PHI_LA,2024,12,2024-11-24,LA,PHI,0,0.538961039,0.4782608696,0.8246753247,0.4932432432,0.4897959184,0.2297297297,0.5084745763,0.5416666667,0.8235294118,0.5753424658,0.5375,0.1543624161,4,2024-10-24,2024-11-17,4,2024-10-27,2024-11-14
2024_12_SF_GB,2024,12,2024-11-24,GB,SF,1,0.504,0.5252525253,0.8333333333,0.512,0.5092592593,0.2142857143,0.5136986301,0.4719101124,0.8163265306,0.514084507,0.5151515152,0.2112676056,4,2024-10-20,2024-11-17,4,2024-10-20,2024-11-17
2024_12_TB_NYG,2024,12,2024-11-24,NYG,TB,0,0.4238410596,0.55,0.7597402597,0.5555555556,0.5151515152,0.2592592593,0.5176470588,0.4827586207,0.9069767442,0.46,0.5471698113,0.18,4,2024-10-20,2024-11-10,4,2024-10-21,2024-11-10
2024_12_TEN_HOU,2024,12,2024-11-24,HOU,TEN,0,0.4099378882,0.4150943396,0.701863354,0.6,0.5604395604,0.2545454545,0.4295302013,0.504950495,0.7248322148,0.5223880597,0.5306122449,0.2014925373,4,2024-10-27,2024-11-18,4,2024-10-27,2024-11-17
2024_12_BAL_LAC,2024,12,2024-11-25,LAC,BAL,0,0.4338235294,0.4285714286,0.7794117647,0.585492228,0.525,0.2279792746,0.5074626866,0.5280898876,0.7925925926,0.5430107527,0.5212765957,0.2180851064,4,2024-10-27,2024-11-17,4,2024-10-27,2024-11-17
2024_13_CHI_DET,2024,13,2024-11-28,DET,CHI,1,0.5954198473,0.53125,0.7328244275,0.5942028986,0.630952381,0.2517985612,0.3945945946,0.4578313253,0.75,0.5,0.4298245614,0.2727272727,4,2024-11-03,2024-11-24,4,2024-11-03,2024-11-24
2024_13_MIA_GB,2024,13,2024-11-28,GB,MIA,1,0.5,0.5537190083,0.8173913043,0.515625,0.5106382979,0.1705426357,0.5714285714,0.4742268041,0.8714285714,0.4972677596,0.5,0.1567567568,4,2024-10-27,2024-11-24,4,2024-11-03,2024-11-24
2024_13_NYG_DAL,2024,13,2024-11-28,DAL,NYG,1,0.3846153846,0.5517241379,0.7923497268,0.5328467153,0.5094339623,0.3188405797,0.4539473684,0.54,0.7806451613,0.4957264957,0.5041322314,0.1965811966,4,2024-11-03,2024-11-24,4,2024-10-28,2024-11-24
2024_13_LV_KC,2024,13,2024-11-29,KC,LV,1,0.5027624309,0.5747126437,0.7458563536,0.525974026,0.5375,0.1948051948,0.4722222222,0.3731343284,0.7277777778,0.4294478528,0.5408163265,0.2024539877,4,2024-11-04,2024-11-24,4,2024-10-27,2024-11-24
2024_13_ARI_MIN,2024,13,2024-12-01,MIN,ARI,1,0.5286624204,0.4677419355,0.7707006369,0.62,0.6323529412,0.2368421053,0.5703125,0.5196078431,0.8125,0.5818181818,0.5,0.2303030303,4,2024-11-03,2024-11-24,4,2024-10-27,2024-11-24
2024_13_HOU_JAX,2024,13,2024-12-01,JAX,HOU,0,0.4015748031,0.3768115942,0.8449612403,0.4084507042,0.4589041096,0.1328671329,0.3827160494,0.3736263736,0.7283950617,0.5864197531,0.5463917526,0.2160493827,4,2024-10-27,2024-11-17,4,2024-10-31,2024-11-24
2024_13_IND_NE,2024,13,2024-12-01,NE,IND,0,0.4736842105,0.5402298851,0.7906976744,0.5342465753,0.5257731959,0.2191780822,0.427480916,0.3548387097,0.7348484848,0.5194805195,0.5,0.2857142857,4,2024-11-03,2024-11-24,4,2024-11-03,2024-11-24
2024_13_LAC_ATL,2024,13,2024-12-01,ATL,LAC,0,0.4511278195,0.5555555556,0.7686567164,0.5240963855,0.4318181818,0.1796407186,0.4295774648,0.4606741573,0.7816901408,0.5508982036,0.4479166667,0.25,4,2024-10-27,2024-11-17,4,2024-11-03,2024-11-25
2024_13_LA_NO,2024,13,2024-12-01,NO,LA,0,0.4100719424,0.5181818182,0.7785714286,0.582278481,0.4842105263,0.198757764,0.5185185185,0.525,0.7852760736,0.5034482759,0.4830508475,0.2068965517,4,2024-10-27,2024-11-17,4,2024-11-03,2024-11-24
2024_13_PHI_BAL,2024,13,2024-12-01,BAL,PHI,0,0.5086206897,0.5619047619,0.8389830508,0.5668449198,0.5287356322,0.2074468085,0.4959349593,0.5410958904,0.7822580645,0.5810810811,0.5125,0.1973684211,4,2024-11-03,2024-11-25,4,2024-11-03,2024-11-24
2024_13_PIT_CIN,2024,13,2024-12-01,CIN,PIT,0,0.5102040816,0.4939759036,0.7411167513,0.5182481752,0.5,0.197080292,0.4214285714,0.4393939394,0.7517730496,0.6180555556,0.4333333333,0.2635135135,4,2024-10-27,2024-11-17,4,2024-10-28,2024-11-21
2024_13_SEA_NYJ,2024,13,2024-12-01,NYJ,SEA,0,0.447761194,0.5476190476,0.8074074074,0.5539568345,0.5454545455,0.1985815603,0.4666666667,0.4137931034,0.78,0.5094339623,0.5,0.1509433962,4,2024-10-27,2024-11-17,4,2024-10-27,2024-11-24
2024_13_SF_BUF,2024,13,2024-12-01,BUF,SF,1,0.490797546,0.5858585859,0.8475609756,0.4558823529,0.5243902439,0.2647058824,0.4822695035,0.4523809524,0.8014184397,0.5333333333,0.5140186916,0.2222222222,4,2024-10-27,2024-11-17,4,2024-10-27,2024-11-24
2024_13_TB_CAR,2024,13,2024-12-01,CAR,TB,0,0.4028776978,0.4588235294,0.75,0.512345679,0.393442623,0.1717791411,0.52,0.4456521739,0.9066666667,0.4846625767,0.5212765957,0.1963190184,4,2024-10-27,2024-11-24,4,2024-10-27,2024-11-24
2024_13_TEN_WAS,2024,13,2024-12-01,WAS,TEN,1,0.4652777778,0.5247524752,0.7793103448,0.5384615385,0.465648855,0.1363636364,0.4084507042,0.4653465347,0.7112676056,0.5298013245,0.6022727273,0.1986754967,4,2024-11-03,2024-11-24,4,2024-11-03,2024-11-24
2024_13_CLE_DEN,2024,13,2024-12-02,DEN,CLE,1,0.474025974,0.4301075269,0.8116883117,0.5426829268,0.5975609756,0.2317073171,0.4719101124,0.4659090909,0.7978142077,0.5251798561,0.5714285714,0.3571428571,4,2024-11-03,2024-11-24,4,2024-10-27,2024-11-21
2024_14_GB_DET,2024,14,2024-12-05,DET,GB,1,0.5555555556,0.5303030303,0.7569444444,0.6095890411,0.6388888889,0.2448979592,0.5446428571,0.5089285714,0.8495575221,0.5273972603,0.5529411765,0.1476510067,4,2024-11-10,2024-11-28,4,2024-11-03,2024-11-28
2024_14_ATL_MIN,2024,14,2024-12-08,MIN,ATL,1,0.5128205128,0.4571428571,0.7884615385,0.5882352941,0.6052631579,0.1860465116,0.4397163121,0.5726495726,0.7746478873,0.5931034483,0.4512195122,0.2653061224,4,2024-11-10,2024-12-01,4,2024-11-03,2024-12-01
2024_14_BUF_LA,2024,14,2024-12-08,LA,BUF,1,0.5,0.6265060241,0.7793103448,0.5035460993,0.4615384615,0.1901408451,0.4965517241,0.5480769231,0.8287671233,0.488,0.4946236559,0.256,4,2024-11-11,2024-12-01,4,2024-11-03,2024-12-01
2024_14_CAR_PHI,2024,14,2024-12-08,PHI,CAR,1,0.4774774775,0.5571428571,0.7657657658,0.5732484076,0.4673913043,0.1886792453,0.4285714286,0.4823529412,0.7432432432,0.5220125786,0.3615384615,0.2,4,2024-11-10,2024-12-01,4,2024-11-03,2024-12-01
2024_14_CHI_SF,2024,14,2024-12-08,SF,CHI,1,0.4418604651,0.4303797468,0.8062015504,0.5263157895,0.4796747967,0.1842105263,0.4230769231,0.48,0.7903225806,0.5284552846,0.4424778761,0.2357723577,4,2024-11-10,2024-12-01,4,2024-11-10,2024-11-28
2024_14_CLE_PIT,2024,14,2024-12-08,PIT,CLE,1,0.4832214765,0.4126984127,0.7066666667,0.5517241379,0.417721519,0.2837837838,0.4568527919,0.4022988506,0.7871287129,0.5671641791,0.568627451,0.3111111111,4,2024-11-10,2024-12-01,4,2024-11-03,2024-12-02
2024_14_JAX_TEN,2024,14,2024-12-08,TEN,JAX,0,0.3586206897,0.48,0.7054794521,0.4565217391,0.4690265487,0.1449275362,0.3333333333,0.3913043478,0.8732394366,0.4066666667,0.4848484848,0.1324503311,4,2024-11-10,2024-12-01,4,2024-11-03,2024-12-01
2024_14_LAC_KC,2024,14,2024-12-08,KC,LAC,1,0.4725274725,0.5588235294,0.7582417582,0.5161290323,0.5280898876,0.1870967742,0.4087591241,0.4819277108,0.8043478261,0.5496688742,0.407079646,0.2631578947,4,2024-11-10,2024-11-29,4,2024-11-10,2024-12-01
2024_14_LV_TB,2024,14,2024-12-08,TB,LV,1,0.5035971223,0.5137614679,0.8489208633,0.4972375691,0.5357142857,0.2154696133,0.4699453552,0.4520547945,0.7650273224,0.4797687861,0.5393258427,0.1849710983,4,2024-11-04,2024-12-01,4,2024-11-03,2024-11-29
2024_14_NO_NYG,2024,14,2024-12-08,NYG,NO,0,0.4666666667,0.5744680851,0.8355263158,0.5,0.520661157,0.1229508197,0.4341085271,0.5416666667,0.7633587786,0.5890410959,0.381443299,0.2080536913,4,2024-11-03,2024-11-28,4,2024-11-03,2024-12-01
2024_14_NYJ_MIA,2024,14,2024-12-08,MIA,NYJ,1,0.5308641975,0.3827160494,0.8780487805,0.4970760234,0.5753424658,0.1453488372,0.4081632653,0.52,0.8095238095,0.5869565217,0.5304347826,0.2302158273,4,2024-11-11,2024-11-28,4,2024-10-31,2024-12-01
2024_14_SEA_ARI,2024,14,2024-12-08,ARI,SEA,0,0.524822695,0.5288461538,0.8510638298,0.5853658537,0.5072463768,0.25,0.4183006536,0.4574468085,0.7712418301,0.5365853659,0.5641025641,0.1951219512,4,2024-11-03,2024-12-01,4,2024-11-03,2024-12-01
2024_14_CIN_DAL,2024,14,2024-12-09,DAL,CIN,0,0.3939393939,0.4845360825,0.8545454545,0.5460526316,0.4948453608,0.2828947368,0.52,0.5316455696,0.6815920398,0.4904458599,0.5411764706,0.2738853503,4,2024-11-10,2024-11-28,4,2024-11-03,2024-12-01
2024_15_LA_SF,2024,15,2024-12-12,SF,LA,0,0.4224137931,0.4838709677,0.8362068966,0.4956521739,0.4913793103,0.2068965517,0.528,0.5607476636,0.7857142857,0.4569536424,0.4678899083,0.1447368421,4,2024-11-17,2024-12-08,4,2024-11-17,2024-12-08
2024_15_BAL_NYG,2024,15,2024-12-15,NYG,BAL,0,0.4318181818,0.5243902439,0.7570621469,0.5496183206,0.5666666667,0.1679389313,0.4492753623,0.5940594059,0.8214285714,0.5662650602,0.4838709677,0.2155688623,4,2024-11-10,2024-12-08,4,2024-11-07,2024-12-01
2024_15_BUF_DET,2024,15,2024-12-15,DET,BUF,0,0.5833333333,0.5074626866,0.8012820513,0.6136363636,0.5384615385,0.2255639098,0.5,0.5050505051,0.8424657534,0.496,0.5566037736,0.272,4,2024-11-17,2024-12-05,4,2024-11-10,2024-12-08
2024_15_CIN_TEN,2024,15,2024-12-15,TEN,CIN,0,0.3424657534,0.4588235294,0.7482993197,0.4563758389,0.5,0.1610738255,0.512195122,0.5147058824,0.713592233,0.4967320261,0.5280898876,0.2352941176,4,2024-11-17,2024-12-08,4,2024-11-07,2024-12-09
2024_15_DAL_CAR,2024,15,2024-12-15,CAR,DAL,0,0.4465408805,0.4946236559,0.7421383648,0.5194805195,0.3534482759,0.1883116883,0.4285714286,0.4639175258,0.8392857143,0.5238095238,0.4875,0.255952381,4,2024-11-10,2024-12-08,4,2024-11-18,2024-12-09
2024_15_GB_SEA,2024,15,2024-12-15,SEA,GB,0,0.4642857143,0.4631578947,0.8,0.537037037,0.5540540541,0.1913580247,0.5154639175,0.5229357798,0.8350515464,0.5,0.6179775281,0.1360946746,4,2024-11-17,2024-12-08,4,2024-11-17,2024-12-05
2024_15_IND_DEN,2024,15,2024-12-15,DEN,IND,1,0.4594594595,0.4615384615,0.8040540541,0.568627451,0.6712328767,0.2585365854,0.4523809524,0.4299065421,0.7716535433,0.4901960784,0.5,0.2467532468,4,2024-11-10,2024-12-02,4,2024-11-10,2024-12-01
2024_15_KC_CLE,2024,15,2024-12-15,CLE,KC,0,0.4301075269,0.4395604396,0.780104712,0.5426356589,0.5221238938,0.2769230769,0.4914285714,0.6712328767,0.7314285714,0.5253164557,0.5113636364,0.1835443038,4,2024-11-17,2024-12-08,4,2024-11-17,2024-12-08
2024_15_MIA_HOU,2024,15,2024-12-15,HOU,MIA,1,0.4350649351,0.3493975904,0.7792207792,0.6242774566,0.5454545455,0.1885714286,0.5898876404,0.3717948718,0.8895027624,0.5,0.5789473684,0.1878787879,4,2024-11-10,2024-12-01,4,2024-11-17,2024-12-08
2024_15_NE_ARI,2024,15,2024-12-15,ARI,NE,1,0.525,0.4888888889,0.85,0.5138888889,0.5185185185,0.1944444444,0.534591195,0.57,0.8260869565,0.5407407407,0.4347826087,0.1925925926,4,2024-11-10,2024-12-08,4,2024-11-10,2024-12-01
2024_15_NYJ_JAX,2024,15,2024-12-15,JAX,NYJ,0,0.3795620438,0.4025974026,0.8776978417,0.4370860927,0.4715447154,0.1258278146,0.4193548387,0.5131578947,0.7483870968,0.4604316547,0.5428571429,0.170212766,4,2024-11-10,2024-12-08,4,2024-11-10,2024-12-08
2024_15_PIT_PHI,2024,15,2024-12-15,PHI,PIT,1,0.4403669725,0.5789473684,0.8256880734,0.5240963855,0.4947368421,0.1785714286,0.4965517241,0.4491525424,0.6780821918,0.5555555556,0.4567901235,0.2756410256,4,2024-11-14,2024-12-08,4,2024-11-17,2024-12-08
2024_15_TB_LAC,2024,15,2024-12-15,LAC,TB,0,0.3933333333,0.4444444444,0.7880794702,0.53125,0.3965517241,0.2857142857,0.5072463768,0.5128205128,0.8260869565,0.5174418605,0.5205479452,0.2325581395,4,2024-11-17,2024-12-08,4,2024-11-10,2024-12-08
2024_15_WAS_NO,2024,15,2024-12-15,NO,WAS,0,0.4230769231,0.4909090909,0.7480916031,0.5930232558,0.3854166667,0.2742857143,0.5031847134,0.5887850467,0.7911392405,0.5857142857,0.5,0.1773049645,4,2024-11-10,2024-12-08,4,2024-11-10,2024-12-01
2024_15_ATL_LV,2024,15,2024-12-16,LV,ATL,0,0.4756756757,0.5066666667,0.8216216216,0.5089820359,0.5764705882,0.1377245509,0.4509803922,0.5901639344,0.8104575163,0.552,0.512195122,0.2619047619,4,2024-11-17,2024-12-08,4,2024-11-10,2024-12-08
2024_15_CHI_MIN,2024,15,2024-12-16,MIN,CHI,1,0.5,0.4534883721,0.7635135135,0.5524861878,0.5,0.174863388,0.4770114943,0.4473684211,0.8156424581,0.5163934426,0.4649122807,0.1967213115,4,2024-11-17,2024-12-08,4,2024-11-17,2024-12-08
2024_16_DEN_LAC,2024,16,2024-12-19,LAC,DEN,1,0.3835616438,0.4193548387,0.7551020408,0.4740740741,0.3923076923,0.2426470588,0.4473684211,0.4555555556,0.8421052632,0.6060606061,0.6627906977,0.2914572864,4,2024-11-25,2024-12-15,4,2024-11-17,2024-12-15
2024_16_HOU_KC,2024,16,2024-12-21,KC,HOU,1,0.478021978,0.5862068966,0.7692307692,0.5324675325,0.512195122,0.1883116883,0.4594594595,0.3857142857,0.7905405405,0.6378378378,0.5402298851,0.1657754011,4,2024-11-24,2024-12-15,4,2024-11-18,2024-12-15
2024_16_PIT_BAL,2024,16,2024-12-21,BAL,PIT,1,0.4809160305,0.5963302752,0.7518796992,0.6095890411,0.4948453608,0.2671232877,0.5076923077,0.4411764706,0.679389313,0.5128205128,0.5151515152,0.2405063291,4,2024-11-17,2024-12-15,4,2024-11-21,2024-12-15
2024_16_ARI_CAR,2024,16,2024-12-22,CAR,ARI,1,0.4345238095,0.4868421053,0.7380952381,0.5104895105,0.314516129,0.1748251748,0.4912280702,0.523255814,0.8771929825,0.4850746269,0.5176470588,0.1567164179,4,2024-11-24,2024-12-15,4,2024-11-24,2024-12-15
2024_16_CLE_CIN,2024,16,2024-12-22,CIN,CLE,1,0.532967033,0.5316455696,0.7197802198,0.4679487179,0.5161290323,0.2628205128,0.4237288136,0.4444444444,0.7722222222,0.5531914894,0.5508474576,0.2746478873,4,2024-11-17,2024-12-15,4,2024-11-21,2024-12-15
2024_16_DET_CHI,2024,16,2024-12-22,CHI,DET,0,0.4385964912,0.4520547945,0.7897727273,0.5347222222,0.4710743802,0.2222222222,0.5193370166,0.4454545455,0.7679558011,0.5362318841,0.4303797468,0.2589928058,4,2024-11-24,2024-12-16,4,2024-11-24,2024-12-15
2024_16_JAX_LV,2024,16,2024-12-22,LV,JAX,1,0.4615384615,0.475,0.8076923077,0.5761589404,0.5789473684,0.1655629139,0.4409937888,0.4827586207,0.8780487805,0.4620689655,0.4509803922,0.1301369863,4,2024-11-24,2024-12-16,4,2024-11-17,2024-12-15
2024_16_LA_NYJ,2024,16,2024-12-22,NYJ,LA,0,0.4248366013,0.5,0.7662337662,0.4909090909,0.54,0.1666666667,0.5158730159,0.5040650407,0.7795275591,0.5428571429,0.5346534653,0.1418439716,4,2024-11-17,2024-12-15,4,2024-11-24,2024-12-12
2024_16_MIN_SEA,2024,16,2024-12-22,SEA,MIN,0,0.4097222222,0.4659090909,0.7638888889,0.5225806452,0.5176470588,0.2258064516,0.4967320261,0.5,0.7385620915,0.5530726257,0.4752475248,0.1593406593,4,2024-11-24,2024-12-15,4,2024-11-24,2024-12-16
2024_16_NE_BUF,2024,16,2024-12-22,BUF,NE,1,0.5492957746,0.5445544554,0.838028169,0.4797297297,0.5360824742,0.2635135135,0.5569620253,0.5444444444,0.86875,0.4692307692,0.396039604,0.0923076923,4,2024-11-17,2024-12-15,4,2024-11-17,2024-12-15
2024_16_NYG_ATL,2024,16,2024-12-22,ATL,NYG,1,0.4360902256,0.5079365079,0.8120300752,0.5314685315,0.5714285714,0.2361111111,0.4034090909,0.4714285714,0.7005649718,0.4848484848,0.5462184874,0.1666666667,4,2024-11-17,2024-12-16,4,2024-11-24,2024-12-15
2024_16_PHI_WAS,2024,16,2024-12-22,WAS,PHI,1,0.5333333333,0.5614035088,0.7951807229,0.5985915493,0.4545454545,0.1944444444,0.4867256637,0.5149253731,0.8230088496,0.5620915033,0.4651162791,0.2077922078,4,2024-11-14,2024-12-15,4,2024-11-24,2024-12-15
2024_16_SF_MIA,2024,16,2024-12-22,MIA,SF,1,0.5326086957,0.3802816901,0.871657754,0.5135135135,0.5657894737,0.2348993289,0.3565217391,0.4555555556,0.8608695652,0.5142857143,0.5075757576,0.1886792453,4,2024-11-24,2024-12-15,4,2024-11-24,2024-12-12
2024_16_TB_DAL,2024,16,2024-12-22,DAL,TB,1,0.4740740741,0.5630252101,0.8666666667,0.5449101796,0.4929577465,0.2934131737,0.5514705882,0.5390625,0.8382352941,0.5476190476,0.5303030303,0.2380952381,4,2024-11-24,2024-12-15,4,2024-11-24,2024-12-15
2024_16_TEN_IND,2024,16,2024-12-22,IND,TEN,1,0.3846153846,0.4298245614,0.7175572519,0.4966442953,0.5360824742,0.2,0.4217687075,0.5053763441,0.7905405405,0.4362416107,0.4554455446,0.1610738255,4,2024-11-17,2024-12-15,4,2024-11-24,2024-12-15
2024_16_NO_GB,2024,16,2024-12-23,GB,NO,1,0.5142857143,0.525,0.780952381,0.5384615385,0.6351351351,0.1871345029,0.4057971014,0.4851485149,0.75,0.5738636364,0.4516129032,0.2681564246,4,2024-11-24,2024-12-15,4,2024-11-17,2024-12-15
2024_17_BAL_HOU,2024,17,2024-12-25,HOU,BAL,0,0.4575163399,0.3650793651,0.7450980392,0.6011904762,0.5161290323,0.1352941176,0.5371900826,0.592,0.7950819672,0.5774647887,0.4659090909,0.2605633803,4,2024-11-24,2024-12-21,4,2024-11-25,2024-12-21
2024_17_KC_PIT,2024,17,2024-12-25,PIT,KC,0,0.5037593985,0.5164835165,0.7067669173,0.4868421053,0.4953271028,0.2236842105,0.4833333333,0.5168539326,0.7944444444,0.5350318471,0.5443037975,0.2229299363,4,2024-12-01,2024-12-21,4,2024-11-29,2024-12-21
2024_17_SEA_CHI,2024,17,2024-12-26,CHI,SEA,0,0.4382716049,0.4637681159,0.7878787879,0.5107913669,0.416,0.1654676259,0.4444444444,0.5,0.7647058824,0.5131578947,0.5054945055,0.2236842105,4,2024-11-28,2024-12-22,4,2024-12-01,2024-12-22
2024_17_ARI_LA,2024,17,2024-12-28,LA,ARI,1,0.4951456311,0.5223880597,0.8349514563,0.5506329114,0.5625,0.0880503145,0.4852071006,0.5729166667,0.8816568047,0.4846153846,0.4893617021,0.1769230769,4,2024-12-01,2024-12-22,4,2024-12-01,2024-12-22
2024_17_DEN_CIN,2024,17,2024-12-28,CIN,DEN,1,0.5889570552,0.5466666667,0.7239263804,0.5031847134,0.4946236559,0.3121019108,0.4347826087,0.4523809524,0.8633540373,0.5671641791,0.6511627907,0.2857142857,4,2024-12-01,2024-12-22,4,2024-11-24,2024-12-19
2024_17_LAC_NE,2024,17,2024-12-28,NE,LAC,0,0.5294117647,0.5164835165,0.8193548387,0.4817518248,0.4038461538,0.102189781,0.4388489209,0.4029850746,0.7446808511,0.4807692308,0.4035087719,0.2051282051,4,2024-11-24,2024-12-22,4,2024-12-01,2024-12-19
2024_17_ATL_WAS,2024,17,2024-12-29,WAS,ATL,1,0.5204678363,0.5648148148,0.7953216374,0.6137931034,0.5862068966,0.2176870748,0.453125,0.5251798561,0.8359375,0.5533333333,0.6,0.2715231788,4,2024-11-24,2024-12-22,4,2024-12-01,2024-12-22
2024_17_CAR_TB,2024,17,2024-12-29,TB,CAR,1,0.5324675325,0.593220339,0.7597402597,0.5426829268,0.5735294118,0.262195122,0.4223602484,0.4831460674,0.7267080745,0.5255474453,0.3412698413,0.1678832117,4,2024-12-01,2024-12-22,4,2024-12-01,2024-12-22
2024_17_DAL_PHI,2024,17,2024-12-29,PHI,DAL,1,0.435483871,0.4609375,0.8306451613,0.5705128205,0.4827586207,0.1538461538,0.4598540146,0.5229357798,0.8175182482,0.5172413793,0.4264705882,0.275862069,4,2024-12-01,2024-12-22,4,2024-11-28,2024-12-22
2024_17_GB_MIN,2024,17,2024-12-29,MIN,GB,1,0.5096774194,0.4871794872,0.7806451613,0.5352941176,0.4387755102,0.1637426901,0.5090909091,0.5565217391,0.8,0.5371428571,0.64,0.1920903955,4,2024-12-01,2024-12-22,4,2024-11-28,2024-12-23
2024_17_IND_NYG,2024,17,2024-12-29,NYG,IND,1,0.404494382,0.5147058824,0.6703910615,0.519379845,0.5203252033,0.1782945736,0.3571428571,0.5196850394,0.7142857143,0.4539473684,0.5510204082,0.1883116883,4,2024-11-28,2024-12-22,4,2024-11-24,2024-12-22
2024_17_LV_NO,2024,17,2024-12-29,NO,LV,0,0.3698630137,0.4444444444,0.7635135135,0.5833333333,0.3963963964,0.2675159236,0.487804878,0.4831460674,0.8363636364,0.6054421769,0.5789473684,0.156462585,4,2024-12-01,2024-12-23,4,2024-11-29,2024-12-22
2024_17_MIA_CLE,2024,17,2024-12-29,CLE,MIA,0,0.3947368421,0.4352941176,0.7434554974,0.5314685315,0.5,0.2657342657,0.5227272727,0.4430379747,0.8715083799,0.4726027397,0.52,0.2328767123,4,2024-12-02,2024-12-22,4,2024-11-28,2024-12-22
2024_17_NYJ_BUF,2024,17,2024-12-29,BUF,NYJ,1,0.5648854962,0.5841584158,0.8549618321,0.4836601307,0.5462962963,0.2222222222,0.4512195122,0.5131578947,0.8060606061,0.5,0.4623655914,0.1493506494,4,2024-12-01,2024-12-22,4,2024-12-01,2024-12-22
2024_17_TEN_JAX,2024,17,2024-12-29,JAX,TEN,1,0.4294117647,0.4782608696,0.8728323699,0.5436241611,0.5,0.1523178808,0.472972973,0.4880952381,0.8266666667,0.406504065,0.3925925926,0.1300813008,4,2024-12-01,2024-12-22,4,2024-12-01,2024-12-22
2024_17_DET_SF,2024,17,2024-12-30,SF,DET,0,0.4173228346,0.4945054945,0.8661417323,0.4912280702,0.5210084034,0.1565217391,0.5287356322,0.5090909091,0.8390804598,0.512987013,0.4054054054,0.2193548387,4,2024-12-01,2024-12-22,4,2024-11-28,2024-12-22
2024_18_CIN_PIT,2024,18,2025-01-04,PIT,CIN,0,0.4428571429,0.5483870968,0.8071428571,0.4693877551,0.5044247788,0.1081081081,0.5875706215,0.5517241379,0.7796610169,0.5612903226,0.4615384615,0.2451612903,4,2024-12-08,2024-12-25,4,2024-12-09,2024-12-28
2024_18_CLE_BAL,2024,18,2025-01-04,BAL,CLE,1,0.5508474576,0.5877862595,0.7881355932,0.5955882353,0.4772727273,0.2941176471,0.3446327684,0.5111111111,0.7853107345,0.4893617021,0.568627451,0.2765957447,4,2024-12-01,2024-12-25,4,2024-12-08,2024-12-29
2024_18_BUF_NE,2024,18,2025-01-05,NE,BUF,1,0.5428571429,0.5111111111,0.8085106383,0.4782608696,0.3760683761,0.0942028986,0.5744680851,0.5612244898,0.8368794326,0.4615384615,0.5242718447,0.2397660819,4,2024-12-01,2024-12-28,4,2024-12-08,2024-12-29
2024_18_CAR_ATL,2024,18,2025-01-05,ATL,CAR,0,0.4047619048,0.5564516129,0.873015873,0.5088757396,0.5189873418,0.224852071,0.3904109589,0.4756097561,0.6506849315,0.4736842105,0.344,0.1654135338,4,2024-12-08,2024-12-29,4,2024-12-08,2024-12-29
2024_18_CHI_GB,2024,18,2025-01-05,GB,CHI,0,0.4827586207,0.592920354,0.7435897436,0.497005988,0.6117647059,0.2095808383,0.3986928105,0.4615384615,0.7870967742,0.4809160305,0.4210526316,0.1679389313,4,2024-12-05,2024-12-29,4,2024-12-08,2024-12-26
2024_18_HOU_TEN,2024,18,2025-01-05,TEN,HOU,0,0.5170068027,0.5050505051,0.8581081081,0.4504504505,0.4645669291,0.1441441441,0.4370860927,0.4307692308,0.7284768212,0.5620915033,0.4571428571,0.1290322581,4,2024-12-08,2024-12-29,4,2024-12-01,2024-12-25
2024_18_JAX_IND,2024,18,2025-01-05,IND,JAX,1,0.4426229508,0.5422535211,0.7723577236,0.4338235294,0.6195652174,0.0869565217,0.4834437086,0.47,0.8552631579,0.5436241611,0.4787234043,0.1589403974,4,2024-12-01,2024-12-29,4,2024-12-08,2024-12-29
2024_18_KC_DEN,2024,18,2025-01-05,DEN,KC,1,0.4358974359,0.5,0.8717948718,0.515,0.6082474227,0.2673267327,0.5476190476,0.5106382979,0.8106508876,0.5535714286,0.5316455696,0.2202380952,4,2024-12-02,2024-12-28,4,2024-12-08,2024-12-25
2024_18_LAC_LV,2024,18,2025-01-05,LV,LAC,0,0.472392638,0.46,0.8109756098,0.6231884058,0.5652173913,0.2246376812,0.5163398693,0.4597701149,0.8116883117,0.4966442953,0.4347826087,0.2147651007,4,2024-12-08,2024-12-29,4,2024-12-08,2024-12-28
2024_18_MIA_NYJ,2024,18,2025-01-05,NYJ,MIA,1,0.4842767296,0.5324675325,0.8024691358,0.4383561644,0.4757281553,0.1351351351,0.5316455696,0.4137931034,0.8364779874,0.5568862275,0.4675324675,0.2335329341,4,2024-12-08,2024-12-29,4,2024-12-08,2024-12-29
2024_18_MIN_DET,2024,18,2025-01-05,DET,MIN,1,0.5747126437,0.5140186916,0.8342857143,0.4466666667,0.417721519,0.2333333333,0.55625,0.4555555556,0.8,0.5324675325,0.4315789474,0.1987179487,4,2024-12-05,2024-12-30,4,2024-12-08,2024-12-29
2024_18_NO_TB,2024,18,2025-01-05,TB,NO,1,0.58,0.5897435897,0.76,0.5704697987,0.5901639344,0.3355704698,0.355704698,0.4444444444,0.7333333333,0.5662650602,0.4833333333,0.2574850299,4,2024-12-08,2024-12-29,4,2024-12-08,2024-12-29
2024_18_NYG_PHI,2024,18,2025-01-05,PHI,NYG,1,0.4508196721,0.4306569343,0.8524590164,0.5804195804,0.5056179775,0.1468531469,0.4347826087,0.3866666667,0.6666666667,0.4696969697,0.5039370079,0.2180451128,4,2024-12-08,2024-12-29,4,2024-12-08,2024-12-29
2024_18_SEA_LA,2024,18,2025-01-05,LA,SEA,0,0.5181818182,0.4566929134,0.9,0.5260115607,0.5352112676,0.0578034682,0.4931506849,0.4938271605,0.7876712329,0.527027027,0.5,0.2162162162,4,2024-12-08,2024-12-28,4,2024-12-08,2024-12-26
2024_18_SF_ARI,2024,18,2025-01-05,ARI,SF,1,0.4913294798,0.6,0.8901734104,0.4838709677,0.5145631068,0.1209677419,0.5100671141,0.512195122,0.8322147651,0.4580152672,0.5217391304,0.1654135338,4,2024-12-08,2024-12-28,4,2024-12-08,2024-12-30
2024_18_WAS_DAL,2024,18,2025-01-05,DAL,WAS,0,0.4427480916,0.5412844037,0.7786259542,0.4934210526,0.5111111111,0.2828947368,0.5284090909,0.6017699115,0.8636363636,0.6711409396,0.512195122,0.2052980132,4,2024-12-09,2024-12-29,4,2024-12-01,2024-12-29
